,,,,,,,,,,,,,,,,,,,,,,,,,,,,,,,,,,,,,,,,,,,,,,,,,,,,,,,,,,,,,,,,,,,,,,,,,,,,,,,,,,,,,,,,,,,,,,,,,,,,,,,,,,,,,,,,,,,,,,,,,,,,,,,,,,,,,,,,,,,
,,,,,,,,,,,,,,,,,,,,,,,,,,,,,,,,,,,,,,,,,,,,,,,,,,,,,,,,,,,,,,,,,,,,,,,,,,,,,,,,,,,,,,,,,,,,,,,,,,,,,,,,,,,,,,,,,,,,,,,,,,,,,,,,,,,,,,,,,,,
Alue,Suomenkieliset,Suomenkieliset %,Ruotsinkieliset,Ruotsinkieliset %,Vieraskieliset,Vieraskieliset %,Ulkomaalaiset,Ulkomaalaiset %,Ulkomaalaistaustaiset,Ulkomaalaistaustaiset %,H:gissä syntyneitä,H:gissä syntyneitä %,Syntyneet lkm,Syntyneet /1000 as,Kuolleet lkm,Kuolleet /1000 as,Muutto alueelle lkm,Muutto alueelle /1000 as,Muutto alueelta lkm,Muutto alueelta /1000 as,0-6v ennuste,0-6v ennuste %,7-15v ennuste,7-15v ennnuste %,16-64v ennuste,16-64v ennuste %,Yli65v ennuste,Yli65v ennuste %,Asukkaita/km2,Työpaikkoja/km2,Kerrosala/ha,Asukkaat yht,0-6-vuotiaat,0-6-vuotiaat %,7-15-vuotiaat,7-15-vuotiaat %,16-18-vuotiaat,16-18-vuotiaat %,19-24-vuotiaat,19-24-vuotiaat %,25-39-vuotiaat,25-39-vuotiaat %,40-64-vuotiaat,40-64-vuotiaat %,Yli 65-vuotiaat,Yli 65-vuotiaat %,Asuntokuntien lkm,Asuntokuntien keskikoko,1-hengen asuntokuntia,Perheiden lkm,Lapsiperheiden lkm,Perheiden keskikoko,Perusaste,Perusaste %,Keskiaste,Keskiaste %,Korkea-aste,Korkea-aste %,Lukiota käyvät,Lukiota käyvien osuus 16-18-vuotiaista,Ammattikoulua käyvät,Ammattikoulua käyvien osuus 16-18-vuotiaista,Tulot/asukas,"Pienituloiset asuntokunnat, %",Asuntokuntien mediaanitulot,Mediaanitulot/kulutusyksikkö,Asuntojen keskikoko m2,Asumisväljyys m2/asukas,Asumistiheys huonetta/henki,Asuntoja yhteensä,Pientaloasuntoja,Vuokra-asuntoja,ARA-vuokra-asuntoja,Toimitilarakennukset yhteensä kerrosala 1000 m2,Liikerakennukset,Julkiset rakennukset,Teollisuus- ja varastorakennukset,Muut rakennukset,Päiväkoteja,Lapsia päiväkotihoidossa,Lapsia päiväkotihoidossa / 100 lasta,Lapsia perhepäivähoidossa yht,Lapsia perhepäivähoidossa/100 lasta,Lapsia kotihoidon tuen piirissä,Lapsia kotihoidon tuen piirissä /100,Lapsia yksityisen hoidon tuen piirissä,Lapsia yksityisen hoidon tuen piirissä / 100 lasta,Suomenkielinen alakoulut,Suomenkielinen alakoulujen oppilaat,Suomenkielinen yläkoulut,Suomenkielinen yläkoulun oppilaat,Ruotsinkielinen alakoulut,Ruotsinkielinen alakoulun oppilaat,Ruotsinkielinen yläkoulut,Ruotsinkielinen yläkoulujen oppilaat,Lukio koulut,Lukio oppilaat,Erikois- ja erityiskoulut,Erikois- ja erityiskoulut oppilaat,Avohoitokäynnit yhteensä,Avohoitokäynnit yhteensä/asukas,Perusterveydenhuolto,Perusterveydenhuolto/asukas,Erikoissairaanhoito,Erikoissairaanhoito/asukas,Toimeentulotuen saajia,Toimeentulotuen saajia/100 asukasta,Lastensuojelun asiakkaat,Lastensuojelun asiakkaita/100 ,Kirjasto,Terveysasema,Leikkipuisto,Uimahalli,Liikuntasalit ja -hallit,Pallokentät,Kirkko,Posti,Apteekki,Alko,Päivittäistavarakaupat,Muut vähittäiskaupat,Ravintolat ,Kahvilat ja baarit,"Puistoa, ha","Metsää, ha","Uimaranta, kpl",Työttömyysaste,Pitäaikaistyöttömyys,Nuorisotyöttömyysaste,Työllisyysaste,Henkilövahinko-onnettomuudet keskimäärin/vuosi,Jalankulkuonnettomuuksia keskimäärin/vuosi,Autottomat asuntokunnat,Alueen kolme yleisintä vierasta kieltä,,,,,
,12/31/2018,12/31/2018,12/31/2018,12/31/2018,12/31/2018,12/31/2018,12/31/2018,12/31/2018,12/31/2018,12/31/2018,12/31/2018,12/31/2018,2018,2018,2018,2018,2018,2018,2018,2018,12/31/2033,12/31/2033,12/31/2033,12/31/2033,12/31/2033,12/31/2033,12/31/2033,12/31/2033,12/31/2018,12/31/2017,12/31/2018,12/31/2018,12/31/2018,12/31/2018,12/31/2018,12/31/2018,12/31/2018,12/31/2018,12/31/2018,12/31/2018,12/31/2018,12/31/2018,12/31/2018,12/31/2018,12/31/2018,12/31/2018,12/31/2018,12/31/2018,12/31/2018,12/31/2018,12/31/2018,12/31/2018,12/31/2018,12/31/2018,12/31/2018,12/31/2018,12/31/2018,12/31/2018,2018,2018,2018,2018,2017,2017,2017,2017,12/31/2018,12/31/2018,12/31/2018,12/31/2018,12/31/2018,12/31/2018,12/31/2018,12/31/2018,12/31/2018,12/31/2018,12/31/2018,12/31/2018,2018,2018,2018,2018,2018,2018,2018,2018,2018,2019,2019,2019,2019,2019,2019,2019,2019,2019,2019,2019,2019,2018,2018,2018,2018,2018,2018,2018,2018,2018,2018,2020,2020,2020,2020,2020,2020,2020,2020,2020,2020,2020,2020,2020,2020,2020,2020,2020,2018,2018,2018,2017,2014-2018,2014-2018,2017,  1.vieraskieli,12/31/2018,2.vieraskieli,12/31/2018,3 vieraskieli,12/31/2018
Helsinki,509684,"78,6",36533,"5,6",101825,"15,7",62 079,"9,6",103 412,"16,0",260 588,"40,2",6388,"9,9",5191,"8,0",42286,"65,5",38526,"59,7",47543,"6,4",60844,"8,2",490102,"65,9",144864,"19,5",2 993,1 835,2 289,648042,45799,"7,1",52253,"8,1",16097,"2,5",50250,"7,8",176509,"27,2",196831,"30,4",110303,"17,0",335 061,"1,87",163 964,159 092,78 275,"2,7",61 250,"16,4",119 298,"38,2",192 792,"51,6",12 556,"63,2",21945,"24,9",  35 366   ,"13,6",  40 759   ,  25 726   ,"63,3","34,1","1,31",367680,48997,173297,69782,19789,8024,4758,4399,2608,338,25873,"65,5",864,"2,2",7812,"17,1",3666,"9,3",77,31377,45,13895,14,2649,5,1064,36,14538,20,5346,7 334 798,"11,3",6 076 779,"9,4",1 258 019,"1,9",67 302,"10,4",5766,"5,3",37,23,70,13,358,422,71,44,68,40,571,2209,1478,228,"2016,8","4754,3",25,"9,2","33,0","6,9","72,6","378,2","97,2","54,0",venäjä,18 506,"viro, eesti",11 100,somali,10 837
1    Eteläinen suurpiiri        ,93571,"79,3",13633,"11,6",10779,"9,1",7 721,"6,5",10 666,"9,0",44 039,"37,3",1192,"10,2",666,"5,7",18347,"156,5",19825,"169,1",7800,"5,8",9544,"7,1",92061,"68,4",25292,"18,8",6 526,7 230,7 267,117983,7437,"6,3",7569,"6,4",2027,"1,7",9525,"8,1",37470,"31,8",34146,"28,9",19809,"16,8",65 738,"1,78",33 094,30 095,12 529,"2,5",6 464,"9,0",17 931,"27,5",47 221,"65,9",2 069,"82,0",2102,"10,6",  50 696   ,"11,7",  50 554   ,  30 668   ,"63,5","36,2","1,27",76875,792,33214,3543,6439,3895,1238,626,678,60,3850,"61,3",115,"1,8",966,"13,0",1086,"17,3",11,4287,6,1715,4,980,1,21,11,3600,7,1793,1 013 474,"8,6",820 060,"7,0",193 414,"1,6",4 456,"3,8",351,"2,1",6,3,6,2,70,51,22,8,23,16,191,1097,726,113,"222,3","123,3",6,"5,8","34,4","3,0","79,4","75,8","36,0","57,3",venäjä,1905,englanti,1711,"viro, eesti",756
101   Vironniemen peruspiiri    ,10484,"82,6",1231,"9,7",983,"7,7",684,"5,4",986,"7,8",4 823,"38,0",113,"8,9",76,"6,0",1786,"141,0",1990,"157,1",625,"5,1",871,"7,1",7830,"64,2",2874,"23,6",6 225,18 095,13 540,12698,750,"5,9",886,"7,0",276,"2,2",876,"6,9",3274,"25,8",4124,"32,5",2512,"19,8",6 728,"1,88",3 018,3 451,1 434,"2,5",633,"8,6",1 785,"26,4",4 980,"67,3",263,"82,2",216,"10,9",  54 147   ,"10,5",  57 438   ,  32 616   ,"71,5","38,9","1,28",8297,12,3244,289,1927,1333,371,26,197,11,448,"69,8",,,91,"12,1",83,"12,9",2,627,1,488,0,0,0,0,1,535,0,0,105 029,"8,3",84 175,"6,6",20 854,"1,6",351,"2,8",38,"2,1",1,0,1,0,11,9,6,1,5,3,47,240,188,35,"31,1","0,0",0,"5,3","38,4","3,0","79,4","14,4","10,4","54,6",englanti,191,venäjä,173,"viro, eesti",74
102   Ullanlinnan peruspiiri    ,18518,"75,7",3962,"16,2",1997,"8,2",1 441,"5,9",1 938,"7,9",9 811,"40,1",243,"9,9",128,"5,2",4024,"164,3",4654,"190,0",1602,"5,7",1771,"6,3",19635,"69,6",5196,"18,4",4 100,3 971,4 662,24477,1411,"5,8",1605,"6,6",406,"1,7",1971,"8,1",7572,"30,9",7505,"30,7",4007,"16,4",14 031,"1,74",7 477,6 028,2 577,"2,5",1 320,"8,8",4 003,"29,1",9 754,"64,7",446,"83,7",384,"8,6",  59 571   ,"12,8",  50 969   ,  31 499   ,"65,0","37,7","1,26",17246,137,6778,2,1164,621,145,256,143,13,699,"58,8",7,"0,6",152,"10,8",272,"22,9",3,800,0,0,1,396,0,0,2,369,2,576,184 302,"7,5",147 227,"6,0",37 075,"1,5",889,"3,6",75,"2,3",2,1,2,0,11,14,6,3,4,5,43,265,175,23,"62,6","30,2",3,"5,9","36,1","2,5","78,6","11,4","7,0","58,0",venäjä,390,englanti,366,espanja,153
103   Kampinmalmin peruspiiri   ,32500,"79,4",3642,"8,9",4792,"11,7",3 377,"8,2",4 750,"11,6",14 119,"34,5",382,"9,5",180,"4,5",7101,"176,3",7121,"176,8",2828,"5,7",3791,"7,7",33702,"68,4",8938,"18,2",9 564,12 100,11 037,40934,2536,"6,2",2427,"5,9",701,"1,7",3959,"9,7",13976,"34,1",11381,"27,8",5954,"14,6",22 599,"1,80",11 093,10 492,4 235,"2,5",2 586,"10,2",6 634,"29,1",16 137,"63,6",688,"75,9",841,"13,3",  48 388   ,"12,5",  48 719   ,  29 752   ,"62,7","35,6","1,22",26216,85,13194,2890,2474,1638,390,189,258,19,1256,"58,0",46,"2,1",363,"14,3",365,"16,9",4,1416,3,472,1,162,0,0,5,1676,4,1110,326 819,"8,0",261 126,"6,4",65 693,"1,6",1 875,"4,6",143,"2,6",1,0,1,1,26,12,8,1,10,4,69,435,278,33,"51,0","0,7",1,"6,2","34,1","3,2","78,1","27,4","12,0","61,6",venäjä,813,englanti,723,espanja,318
104   Taka-Töölön peruspiiri    ,12851,"82,7",1486,"9,6",1211,"7,8",940,"6,0",1 224,"7,9",5 598,"36,0",163,"10,5",128,"8,2",2559,"164,9",3075,"198,1",786,"5,1",815,"5,3",10976,"71,6",2758,"18,0",7 973,5 766,6 925,15548,821,"5,3",775,"5,0",226,"1,5",1434,"9,2",5328,"34,3",4154,"26,7",2810,"18,1",9 237,"1,65",5 214,3 617,1 354,"2,5",859,"9,1",2 367,"27,4",6 256,"66,0",239,"85,4",290,"11,9",  43 118   ,"12,0",  45 190   ,  29 239   ,"57,0","35,3","1,28",10688,26,4854,215,480,151,283,11,35,8,417,"62,7",23,"3,5",107,"13,0",107,"16,1",1,436,1,310,1,143,1,21,2,700,1,107,164 780,"10,6",136 164,"8,8",28 616,"1,8",677,"4,4",31,"1,8",1,1,1,0,15,7,1,1,2,3,17,63,55,15,"36,4","14,8",0,"5,9","32,6","3,4","79,9","13,0","4,8","62,1",venäjä,194,englanti,174,"viro, eesti",103
105   Lauttasaaren peruspiiri   ,19218,"79,0",3312,"13,6",1796,"7,4",1 279,"5,3",1 768,"7,3",9 688,"39,8",291,"12,0",154,"6,3",2877,"118,6",2985,"123,0",1958,"6,6",2293,"7,7",19918,"67,1",5523,"18,6",6 335,1 840,3 956,24326,1919,"7,9",1876,"7,7",418,"1,7",1285,"5,3",7320,"30,1",6982,"28,7",4526,"18,6",13 143,"1,85",6 292,6 507,2 929,"2,6",1 066,"7,5",3 142,"23,7",10 094,"70,6",433,"88,5",371,"7,2",  48 602   ,"9,8",  54 259   ,  31 502   ,"63,3","34,7","1,35",14428,532,5144,147,392,153,50,144,45,11,1030,"63,4",38,"2,3",253,"13,2",259,"15,9",1,1008,1,445,1,279,0,0,1,320,0,0,232 544,"9,6",191 368,"7,9",41 176,"1,7",664,"2,7",64,"1,6",1,1,1,1,7,9,1,2,2,1,15,94,30,7,"41,1","77,6",2,"5,1","32,1","2,6","82,1","9,6","1,8","47,7",venäjä,335,englanti,257,"viro, eesti",137
2    Läntinen suurpiiri         ,86807,"78,6",6658,"6,0",16973,"15,4",11 061,"10,0",17 212,"15,6",42 385,"38,4",1120,"10,2",929,"8,5",15446,"140,6",15547,"141,5",7788,"6,3",9963,"8,0",81120,"65,4",25095,"20,2",3 616,2 251,2 728,110438,7486,"6,8",8518,"7,7",2656,"2,4",9233,"8,4",30686,"27,8",32292,"29,2",19567,"17,7",60 026,"1,82",31 056,26 644,13 059,"2,7",9 545,"15,2",19 383,"36,3",34 050,"54,1",2 119,"65,3",3700,"23,6",  34 606   ,"13,7",  39 192   ,  25 298   ,"59,9","33,1","1,33",65264,5844,32474,11952,3363,1066,1034,921,342,48,4037,"63,1",129,"2,0",1329,"17,8",754,"11,8",12,4464,7,2382,1,441,2,587,9,2801,7,3087,1 376 733,"12,5",1 151 941,"10,4",224 792,"2,0",10 973,"9,9",800,"4,5",7,6,14,2,63,81,10,10,12,5,75,254,125,31,"319,3","694,6",3,"8,6","33,3","6,4","73,8","79,8","14,6","54,4",venäjä,2631,somali,1893,"viro, eesti",1815
201   Reijolan peruspiiri       ,14108,"80,7",1307,"7,5",2071,"11,8",1 177,"6,7",2 124,"12,1",6 833,"39,1",177,"10,1",163,"9,3",2568,"147,2",2665,"152,8",1036,"5,8",1387,"7,7",11564,"64,5",3950,"22,0",3 894,5 209,3 611,17486,1116,"6,4",1406,"8,0",392,"2,2",1528,"8,7",5015,"28,7",5131,"29,3",2898,"16,6",9 666,"1,77",5 220,4 083,1 988,"2,7",1 183,"11,7",2 983,"33,3",5 980,"58,9",335,"66,8",520,"23,0",  35 182   ,"12,6",  40 298   ,  26 085   ,"56,0","31,9","1,31",10683,200,5504,2189,835,152,555,34,93,12,608,"64,2",10,"1,1",188,"16,8",132,"13,9",2,710,1,469,0,0,0,0,2,428,3,1189,190 160,"10,9",153 235,"8,8",36 925,"2,1",1 660,"9,5",103,"3,7",1,1,2,1,22,10,4,1,1,1,15,36,24,13,"46,9","132,9",1,"7,6","36,0","5,7","76,0","15,8","5,4","61,4",somali,405,venäjä,281,"viro, eesti",169
202   Munkkiniemen peruspiiri   ,14642,"81,6",1940,"10,8",1366,"7,6",919,"5,1",1 354,"7,5",7 709,"43,0",124,"6,9",175,"9,7",2371,"132,0",2501,"139,2",1242,"6,1",1935,"9,5",12340,"60,4",4923,"24,1",3 860,929,2 580,17948,1143,"6,4",1547,"8,6",473,"2,6",1237,"6,9",4149,"23,1",5494,"30,6",3905,"21,8",9 815,"1,82",5 101,4 477,2 249,"2,7",794,"8,2",2 426,"27,4",6 423,"66,6",447,"83,1",349,"10,1",  51 942   ,"11,0",  46 755   ,  29 041   ,"68,2","37,7","1,45",10908,770,4491,849,250,136,102,0,12,7,600,"58,9",23,"2,3",161,"14,1",216,"21,2",2,813,1,480,1,441,1,208,2,637,1,603,257 015,"14,3",223 280,"12,4",33 735,"1,9",753,"4,2",51,"1,7",1,1,2,0,10,19,2,1,3,1,16,41,21,5,"45,8","72,8",2,"6,0","33,3","3,7","78,6","8,2","1,8","50,2",venäjä,213,"viro, eesti",177,englanti,149
203   Haagan peruspiiri         ,22403,"80,7",1676,"6,0",3682,"13,3",2 595,"9,3",3 712,"13,4",9 980,"35,9",303,"10,9",294,"10,6",4034,"145,7",4233,"152,9",1771,"5,9",1975,"6,6",20808,"69,6",5365,"17,9",5 218,1 830,3 013,27761,1715,"6,2",1621,"5,8",485,"1,8",2511,"9,0",9185,"33,1",7113,"25,6",5131,"18,5",16 334,"1,67",9 602,6 045,2 716,"2,6",2 155,"13,2",4 725,"33,4",9 418,"57,8",395,"62,7",916,"28,7",  31 078   ,"16,0",  35 837   ,  24 507   ,"52,0","31,4","1,30",17543,386,9047,2976,428,225,152,13,38,12,961,"66,9",21,"1,5",290,"16,9",141,"9,8",2,921,2,720,0,0,1,379,3,1389,2,806,381 949,"13,8",324 436,"11,7",57 513,"2,1",2 546,"9,2",148,"4,1",2,1,3,1,13,21,1,3,2,0,16,41,23,7,"60,1","133,8",0,"8,2","32,6","5,6","73,9","22,4","3,2","59,1",venäjä,503,somali,350,"viro, eesti",295
204   Pitäjänmäen peruspiiri    ,14331,"77,7",780,"4,2",3344,"18,1",2 125,"11,5",3 407,"18,5",6 809,"36,9",221,"12,1",111,"6,1",2520,"137,8",2481,"135,7",1291,"6,5",1535,"7,7",12757,"64,2",4301,"21,6",2 763,3 926,3 448,18455,1362,"7,4",1479,"8,0",474,"2,6",1460,"7,9",4964,"26,9",5725,"31,0",2991,"16,2",9 769,"1,88",4 723,4 669,2 280,"2,7",2 014,"18,8",3 526,"40,6",5 149,"48,2",342,"58,4",724,"26,4",  31 468   ,"12,3",  39 856   ,  25 241   ,"61,0","32,5","1,30",10511,1445,5360,1650,1524,443,110,786,185,7,703,"61,3",26,"2,3",260,"19,1",135,"11,8",3,767,1,191,0,0,0,0,0,0,0,0,221 193,"12,0",183 497,"9,9",37 696,"2,0",2 395,"13,0",198,"6,3",1,1,3,0,7,11,1,2,3,2,14,65,30,3,"51,7","120,3",0,"10,2","32,2","9,2","72,6","18,8","2,2","50,5",somali,449,venäjä,423,"viro, eesti",409
205   Kaarelan peruspiiri ,21323,"74,1",955,"3,3",6510,"22,6",4 245,"14,7",6 615,"23,0",11 054,"38,4",295,"10,4",186,"6,5",3953,"138,7",3667,"128,7",2447,"6,8",3129,"8,7",23654,"66,1",6558,"18,3",3 066,539,1 708,28788,2150,"7,5",2465,"8,6",832,"2,9",2497,"8,7",7373,"25,6",8829,"30,7",4642,"16,1",14 442,"1,98",6 410,7 370,3 826,"2,7",3 399,"21,0",5 723,"44,7",7 080,"43,7",600,"60,0",1191,"27,0",  28 730   ,"14,6",  37 812   ,  23 828   ,"64,8","32,8","1,31",15619,3043,8072,4288,326,111,114,87,14,13,1165,"63,0",49,"2,7",430,"20,0",130,"7,0",3,1253,2,522,0,0,0,0,2,347,1,489,326 416,"11,3",267 493,"9,3",58 923,"2,0",3 619,"12,6",300,"5,8",2,2,4,0,11,20,2,3,3,1,14,71,27,3,"114,9","234,8",0,"10,4","33,4","7,3","70,1","14,6","2,0","49,8",venäjä,1211,"viro, eesti",765,somali,636
3    Keskinen suurpiiri         ,79573,"85,1",4117,"4,4",9844,"10,5",6 347,"6,8",9 799,"10,5",32 077,"34,3",882,"9,5",694,"7,5",16547,"177,8",17928,"192,6",6329,"5,4",6753,"5,8",86684,"73,9",17464,"14,9",5 920,5 858,5 506,93534,5296,"5,7",4371,"4,7",1268,"1,4",8905,"9,5",35563,"38,0",24779,"26,5",13352,"14,3",56 427,"1,63",32 777,20 803,7 899,"2,5",7 356,"12,2",19 220,"36,3",33 766,"56,0",1 135,"65,5",2803,"25,0",  31 842   ,"16,3",  36 352   ,  24 838   ,"49,4","30,6","1,18",61503,1247,33562,10363,4588,1816,965,1087,720,45,3131,"69,9",44,"1,0",822,"15,5",376,"8,4",9,3419,6,1118,2,288,1,220,5,3330,0,0,1 035 259,"11,1",851 077,"9,1",184 182,"2,0",7 779,"8,3",436,"4,2",5,1,9,2,55,49,9,7,9,7,99,283,265,44,"161,5","166,5",0,"8,2","32,0","4,5","74,9","70,2","19,6","67,9",venäjä,1425,englanti,1019,somali,819
301   Kallion peruspiiri        ,25572,"86,1",1236,"4,2",2895,"9,7",2 018,"6,8",2 840,"9,6",8 825,"29,7",232,"7,9",191,"6,5",5918,"200,4",6445,"218,2",2076,"4,9",2020,"4,7",32888,"77,2",5591,"13,1",11 294,9 585,10 134,29703,1177,"4,0",753,"2,5",254,"0,9",2877,"9,7",12898,"43,4",7619,"25,7",4125,"13,9",19 532,"1,50",12 304,6 151,1 718,"2,3",2 307,"11,2",6 562,"36,0",11 648,"56,8",268,"67,7",899,"26,0",  33 390   ,"16,1",  36 161   ,  25 276   ,"45,4","30,5","1,15",21704,27,11285,951,1262,613,197,245,208,13,689,"70,5",6,"0,6",194,"16,5",57,"5,8",2,665,1,19,0,0,0,0,2,1113,0,0,319 381,"10,8",261 678,"8,8",57 703,"1,9",2 340,"7,9",73,"3,5",1,1,2,0,13,9,3,3,4,2,48,142,111,19,"18,7","3,1",0,"8,4","32,6","4,1","76,2","16,6","6,8","72,3",venäjä,479,englanti,382,"viro, eesti",225
302   Alppiharjun peruspiiri    ,10417,"86,5",478,"4,0",1148,"9,5",825,"6,9",1 133,"9,4",3 303,"27,4",96,"7,9",92,"7,6",2249,"185,7",2762,"228,1",340,"3,0",178,"1,6",9327,"83,3",1354,"12,1",13 234,3 308,7 731,12043,364,"3,0",166,"1,4",70,"0,6",1328,"11,0",5655,"47,0",2940,"24,4",1520,"12,6",8 778,"1,35",6 342,2 069,498,"2,2",1 035,"12,0",2 821,"37,3",4 739,"55,1",99,"71,4",360,"17,1",  29 263   ,"19,4",  31 307   ,  23 408   ,"38,4","28,5","1,11",9628,59,5046,204,175,25,100,40,11,3,186,"65,5",,,73,"20,1",20,"7,0",2,492,2,498,1,115,1,220,1,701,0,0,127 462,"10,6",101 886,"8,5",25 576,"2,1",1 196,"9,9",32,"5,7",0,0,1,1,12,4,1,0,0,1,10,47,51,11,"15,5","8,6",0,"8,8","32,2","4,1","75,1","5,6","1,8","76,7",venäjä,164,englanti,129,"viro, eesti",90
303   Vallilan peruspiiri       ,14393,"86,0",864,"5,2",1474,"8,8",879,"5,3",1 462,"8,7",5 909,"35,3",197,"11,8",105,"6,3",2898,"174,2",3030,"182,2",916,"5,3",1063,"6,2",12811,"74,6",2389,"13,9",6 314,9 600,7 021,16731,1115,"6,7",788,"4,7",194,"1,2",1619,"9,7",6574,"39,3",4508,"26,9",1933,"11,6",9 891,"1,66",5 513,3 915,1 523,"2,5",1 204,"10,9",3 471,"35,1",6 407,"57,8",180,"67,5",481,"23,2",  31 774   ,"16,9",  37 294   ,  25 203   ,"49,5","30,2","1,17",10563,34,6019,2713,1158,324,147,564,123,5,672,"72,3",12,"1,3",163,"14,6",74,"8,0",1,454,0,0,0,0,0,0,1,801,0,0,169 035,"10,1",136 877,"8,2",32 158,"1,9",1 230,"7,4",98,"4,9",1,0,1,1,10,7,2,1,1,1,13,40,48,4,"36,2","1,7",0,"7,6","33,0","4,4","76,6","19,6","4,2","67,8",venäjä,218,englanti,168,somali,149
304   Pasilan peruspiiri        ,7534,"78,4",274,"2,9",1801,"18,7",1 071,"11,1",1 815,"18,9",3 128,"32,6",107,"11,3",78,"8,2",1620,"170,7",1697,"178,8",1136,"6,6",1184,"6,8",12145,"70,2",2846,"16,4",2 277,6 513,4 161,9609,601,"6,3",504,"5,3",192,"2,0",905,"9,4",3115,"32,4",2442,"25,4",1850,"19,3",5 112,"1,82",2 434,2 285,920,"2,5",1 036,"18,6",1 804,"39,9",2 717,"48,9",153,"57,8",325,"29,7",  28 551   ,"13,4",  38 801   ,  24 653   ,"59,3","32,7","1,26",5522,17,3145,1616,1315,725,238,39,313,8,323,"65,1",8,"1,6",108,"18,0",40,"8,1",1,231,0,0,0,0,0,0,0,0,0,0,128 765,"13,4",108 695,"11,3",20 070,"2,1",1 184,"12,3",52,"4,2",1,0,2,0,3,11,1,1,2,2,11,13,26,3,"15,4","54,0",0,"9,8","27,8","5,7","68,3","13,8","3,8","64,2",somali,330,venäjä,244,"viro, eesti",116
305   Vanhankaupungin peruspiiri,21657,"85,1",1265,"5,0",2526,"9,9",1 554,"6,1",2 549,"10,0",10 912,"42,9",250,"9,9",228,"9,0",3862,"152,6",3994,"157,8",1862,"6,4",2308,"8,0",19513,"67,4",5285,"18,2",4 721,2 117,3 180,25448,2039,"8,0",2160,"8,5",558,"2,2",2176,"8,6",7321,"28,8",7270,"28,6",3924,"15,4",13 114,"1,90",6 184,6 383,3 240,"2,7",1 774,"12,2",4 562,"35,6",8 255,"56,6",435,"65,8",738,"24,6",  32 588   ,"15,0",  39 772   ,  25 005   ,"58,9","31,1","1,21",14086,1110,8067,4879,678,129,283,200,66,18,1261,"70,4",18,"1,0",284,"13,9",185,"10,3",3,1577,3,601,1,173,0,0,1,715,0,0,290 616,"11,4",241 941,"9,5",48 675,"1,9",1 829,"7,2",181,"4,0",2,0,3,0,17,18,2,2,2,1,17,41,29,7,"75,7","99,2",0,"7,4","32,2","5,1","74,1","14,6","3,0","57,0",venäjä,320,somali,243,"viro, eesti",241
4    Pohjoinen suurpiiri        ,37559,"87,6",1579,"3,7",3740,"8,7",2 271,"5,3",3 771,"8,8",20 958,"48,9",407,"9,5",345,"8,0",4580,"106,5",4942,"114,9",3555,"7,0",5444,"10,8",31082,"61,5",10428,"20,6",1 849,595,1 148,42878,3406,"7,9",4689,"10,9",1391,"3,2",2311,"5,4",8309,"19,4",14295,"33,3",8477,"19,8",19 858,"2,14",7 668,11 802,6 610,"2,8",2 823,"12,5",6 480,"32,8",13 301,"58,8",1 161,"72,4",1218,"19,3",  39 194   ,"10,2",  52 058   ,  28 498   ,"78,7","37,1","1,43",21730,10288,7325,3716,592,212,230,127,23,24,2118,"70,3",73,"2,4",529,"15,5",231,"7,7",6,2902,4,1450,1,68,0,0,2,754,2,153,563 128,"13,1",480 563,"11,2",82 565,"1,9",2 701,"6,3",300,"3,3",3,3,5,1,28,35,4,4,3,2,21,72,35,1,"405,0","687,8",2,"7,1","34,9","6,4","77,1","30,8","4,0","38,9",venäjä,544,"viro, eesti",485,somali,391
401   Maunulan peruspiiri       ,7466,"82,7",379,"4,2",1185,"13,1",656,"7,3",1 208,"13,4",4 185,"46,3",87,"9,6",104,"11,5",1105,"122,0",1136,"125,4",895,"6,4",1251,"8,9",8970,"63,8",2943,"20,9",2 275,1 151,1 555,9030,641,"7,1",761,"8,4",191,"2,1",522,"5,8",2027,"22,4",2882,"31,9",2006,"22,2",5 021,"1,79",2 765,2 126,1 148,"2,7",924,"18,8",1 702,"42,7",2 283,"46,5",170,"68,1",301,"21,5",  29 723   ,"16,5",  32 669   ,  22 551   ,"62,5","34,9","1,38",5548,975,3233,2383,193,59,70,60,4,4,357,"63,8",23,"4,1",122,"19,0",48,"8,6",1,552,1,424,1,68,0,0,1,385,0,0,170 520,"18,9",150 617,"16,7",19 903,"2,2",1 065,"11,8",80,"5,2",1,1,1,1,8,9,1,0,1,0,4,17,8,1,"27,6","153,5",0,"11,5","34,8","9,6","69,3","6,0","1,0","54,8",somali,209,venäjä,160,"viro, eesti",121
402   Länsi-Pakilan peruspiiri  ,6421,"91,9",275,"3,9",291,"4,2",198,"2,8",287,"4,1",3 658,"52,4",45,"6,4",46,"6,6",583,"83,2",619,"88,3",482,"7,0",866,"12,5",4007,"57,9",1569,"22,7",2 999,483,1 826,6987,541,"7,7",847,"12,1",289,"4,1",347,"5,0",947,"13,6",2495,"35,7",1521,"21,8",2 788,"2,49",673,2 083,1 189,"2,9",251,"7,3",782,"24,5",2 409,"70,0",251,"81,0",160,"15,6",  49 320   ,"4,6",  82 960   ,  36 152   ,"98,7","40,5","1,51",3128,2884,246,10,54,18,31,1,4,2,347,"70,1",18,"3,6",74,"13,7",49,"9,9",1,504,2,513,0,0,0,0,0,0,0,0,74 660,"10,7",63 303,"9,1",11 357,"1,6",119,"1,7",27,"1,7",0,0,0,0,4,2,1,0,1,1,3,9,5,0,"1,3","19,5",0,"4,3","43,8","3,6","82,0","6,8","0,4","20,2","viro, eesti",50,venäjä,45,englanti,29
403   Tuomarinkylän peruspiiri  ,7985,"92,1",250,"2,9",433,"5,0",223,"2,6",437,"5,0",4 672,"53,9",73,"8,4",33,"3,8",713,"82,1",747,"86,0",669,"7,8",1179,"13,8",4688,"54,8",2017,"23,6",962,92,494,8668,790,"9,1",1198,"13,8",357,"4,1",387,"4,5",1250,"14,4",3147,"36,3",1539,"17,8",3 298,"2,62",610,2 680,1 599,"2,9",362,"8,2",1 099,"27,2",2 936,"66,8",322,"79,0",199,"16,5",  47 028   ,"3,8",  82 632   ,  35 222   ,"97,9","37,7","1,45",3525,3305,395,280,41,6,30,2,3,7,521,"72,8",7,"1,0",109,"13,8",56,"7,8",2,770,0,0,0,0,0,0,0,0,0,0,79 419,"9,2",64 946,"7,5",14 473,"1,7",220,"2,5",52,"2,3",1,1,2,0,4,10,0,1,0,0,5,12,3,0,"249,7","371,2",0,"4,5","29,7","5,2","82,1","2,0","0,4","17,9",venäjä,81,englanti,55,"viro, eesti",49
404   Oulunkylän peruspiiri     ,12357,"85,1",541,"3,7",1624,"11,2",1 062,"7,3",1 649,"11,4",6 493,"44,7",161,"11,1",139,"9,5",1868,"128,3",2057,"141,3",1225,"7,1",1658,"9,6",11293,"65,0",3191,"18,4",3 286,1 430,2 098,14522,1133,"7,8",1392,"9,6",374,"2,6",895,"6,2",3543,"24,4",4411,"30,4",2774,"19,1",7 347,"1,95",3 332,3 812,2 028,"2,7",1 099,"13,8",2 364,"34,5",4 491,"56,5",291,"65,5",456,"23,0",  35 017   ,"12,0",  43 626   ,  26 596   ,"69,8","36,0","1,39",7935,1707,3250,992,244,121,78,38,7,9,693,"70,8",20,"2,0",189,"16,7",64,"6,5",1,719,1,513,0,0,0,0,1,369,0,0,195 511,"13,5",165 465,"11,4",30 046,"2,1",1 174,"8,1",110,"4,0",1,1,1,0,8,8,2,2,1,2,6,24,14,0,"24,6","103,8",1,"7,7","34,7","6,2","76,4","7,2","1,8","47,5","viro, eesti",244,venäjä,228,somali,151
405   Itä-Pakilan peruspiiri    ,3330,"90,7",134,"3,7",207,"5,6",132,"3,6",190,"5,2",1 950,"53,1",41,"11,1",23,"6,2",311,"84,4",383,"104,0",286,"7,9",492,"13,6",2130,"58,9",707,"19,6",1 058,278,714,3671,301,"8,2",491,"13,4",180,"4,9",160,"4,4",542,"14,8",1360,"37,1",637,"17,4",1 404,"2,56",288,1 101,646,"2,9",187,"9,8",533,"31,1",1 182,"62,1",127,"64,4",102,"21,1",  43 479   ,"4,6",  77 701   ,  34 030   ,"98,8","39,3","1,47",1594,1417,201,51,59,7,21,26,5,2,199,"76,2",,,35,"11,6",14,"5,4",1,357,0,0,0,0,0,0,0,0,2,153,43 018,"11,7",36 232,"9,9",6 786,"1,8",123,"3,4",31,"3,4",0,0,1,0,4,6,0,1,0,0,3,10,5,0,"101,8","39,9",1,"5,8","33,6","5,5","80,5","8,8","0,4","21,8",venäjä,30,"persia, farsi",22,"viro, eesti",21
5    Koillinen suurpiiri        ,80095,"79,8",2322,"2,3",17956,"17,9",10 291,"10,3",18 358,"18,3",43 995,"43,8",1091,"10,9",787,"7,9",12250,"122,4",12109,"121,0",7846,"7,3",10355,"9,7",67435,"62,8",21703,"20,2",2 757,727,1 718,100373,8519,"8,5",10070,"10,0",3058,"3,1",7291,"7,3",23164,"23,1",31656,"31,5",16615,"16,6",48 520,"2,06",20 350,26 678,14 753,"2,8",10 592,"19,3",20 155,"45,6",24 073,"43,9",2 068,"56,1",4257,"31,8",  30 290   ,"12,7",  40 658   ,  24 653   ,"69,1","33,8","1,38",52028,15044,23461,15591,1867,369,533,725,240,58,4918,"66,5",216,"2,9",1582,"18,6",453,"6,1",16,6540,9,2741,1,193,0,0,3,1376,2,230,1 198 370,"11,9",994 657,"9,9",203 713,"2,0",12 596,"12,5",1431,"7,0",8,5,15,3,59,93,7,6,8,2,63,161,99,7,"399,7","502,0",1,"9,8","31,6","9,3","72,3","50,8","9,0","45,0",venäjä,3483,"viro, eesti",2314,somali,1985
501   Latokartanon peruspiiri   ,19313,"77,0",576,"2,3",5203,"20,7",3 114,"12,4",5 308,"21,2",9 794,"39,0",309,"12,3",155,"6,2",3488,"139,1",3699,"147,6",1749,"7,1",2028,"8,2",16598,"67,1",4354,"17,6",2 600,620,1 564,25092,2292,"9,1",2491,"9,9",615,"2,5",2029,"8,1",6872,"27,4",7254,"28,9",3539,"14,1",12 662,"1,97",5 807,6 404,3 552,"2,8",2 695,"19,1",4 699,"41,1",6 732,"47,7",431,"57,4",944,"28,8",  28 639   ,"14,4",  37 629   ,  23 780   ,"62,3","32,0","1,31",13609,1009,7219,4879,486,67,239,109,72,18,1364,"68,8",38,"1,9",400,"17,5",126,"6,4",4,1890,3,856,0,0,0,0,2,515,0,0,308 381,"12,3",258 047,"10,3",50 334,"2,0",3 311,"13,2",340,"6,6",1,1,3,0,13,11,2,2,2,1,12,28,22,3,"104,7","163,0",0,"9,6","31,1","7,4","71,8","11,4","3,8","51,7",venäjä,909,"viro, eesti",640,somali,519
502   Pukinmäen peruspiiri      ,6482,"75,6",194,"2,3",1897,"22,1",1 129,"13,2",1 925,"22,5",3 397,"39,6",102,"12,0",89,"10,5",1210,"142,8",1111,"131,1",654,"7,8",719,"8,5",5405,"64,1",1654,"19,6",4 265,802,2 269,8573,714,"8,3",605,"7,1",213,"2,5",665,"7,8",2215,"25,8",2410,"28,1",1751,"20,4",4 617,"1,86",2 242,2 159,1 078,"2,6",993,"21,5",1 721,"47,4",1 911,"41,3",121,"46,9",379,"39,0",  27 007   ,"13,6",  35 229   ,  23 228   ,"62,0","33,4","1,34",4921,526,2516,1584,76,30,21,16,9,5,391,"65,7",22,"3,7",142,"19,9",35,"5,9",1,587,1,363,0,0,0,0,0,0,1,160,103 407,"12,1",85 977,"10,0",17 430,"2,0",1 329,"15,5",96,"6,6",1,0,1,0,2,11,0,1,1,0,6,9,5,0,"40,6","20,3",0,"11,4","31,0","11,7","68,4","3,4","0,6","53,2",venäjä,372,somali,247,"viro, eesti",197
503   Malmin peruspiiri         ,23991,"82,5",778,"2,7",4309,"14,8",2 234,"7,7",4 428,"15,2",13 671,"47,0",281,"9,7",262,"9,0",3401,"116,9",3330,"114,5",2577,"7,1",3322,"9,1",22935,"62,9",7609,"20,9",2 651,1 078,1 860,29078,2269,"7,8",2829,"9,7",926,"3,2",1999,"6,9",6230,"21,4",9747,"33,5",5078,"17,5",14 314,"2,02",6 282,7 651,4 162,"2,8",2 911,"18,2",5 880,"45,0",7 186,"45,0",674,"59,7",1210,"28,9",  31 302   ,"11,6",  41 255   ,  25 202   ,"69,4","34,7","1,36",15406,5108,6723,4470,727,192,161,278,97,18,1347,"68,1",61,"3,1",390,"17,2",115,"5,8",4,1422,2,681,1,193,0,0,0,0,1,70,350 653,"12,1",290 330,"10,0",60 323,"2,1",3 456,"11,9",445,"7,8",2,1,5,1,27,28,3,2,2,1,27,71,48,3,"123,9","104,1",1,"9,8","32,0","10,7","72,7","16,2","3,6","44,5",venäjä,714,somali,565,"viro, eesti",506
504   Suutarilan peruspiiri     ,9821,"85,3",294,"2,6",1394,"12,1",826,"7,2",1 412,"12,3",5 632,"48,9",115,"10,1",77,"6,7",1299,"113,6",1250,"109,3",787,"7,1",1247,"11,2",6422,"57,8",2651,"23,9",2 714,528,1 690,11509,952,"8,3",1249,"10,9",413,"3,6",805,"7,0",2298,"20,0",3690,"32,1",2102,"18,3",5 085,"2,24",1 638,3 303,1 847,"2,8",1 056,"17,6",2 332,"47,3",2 600,"43,4",291,"60,3",501,"31,2",  31 141   ,"11,4",  47 850   ,  26 168   ,"78,1","35,1","1,36",5399,2757,1675,1139,204,21,34,137,11,6,541,"65,4",42,"5,1",178,"18,7",42,"5,1",3,927,1,337,0,0,0,0,0,0,0,0,138 045,"12,0",113 955,"9,9",24 090,"2,1",997,"8,7",161,"6,5",1,1,3,1,4,16,0,1,1,0,6,16,2,0,"67,8","43,3",0,"7,9","32,3","7,4","74,4","5,0","0,0","32,8",venäjä,211,"viro, eesti",162,englanti,105
505   Puistolan peruspiiri      ,16781,"82,3",403,"2,0",3200,"15,7",1 759,"8,6",3 258,"16,0",9 241,"45,3",216,"10,6",129,"6,3",2163,"106,4",2129,"104,8",1565,"7,6",2435,"11,8",12275,"59,2",4446,"21,5",2 686,564,1 636,20384,1799,"8,8",2371,"11,6",716,"3,5",1252,"6,1",4229,"20,7",6868,"33,7",3149,"15,5",8 883,"2,28",2 954,5 746,3 293,"2,9",1 924,"17,3",4 146,"45,2",5 027,"45,3",472,"56,3",859,"32,0",  34 366   ,"10,2",  50 655   ,  26 919   ,"78,8","34,7","1,35",9601,5464,3197,1690,325,50,57,181,37,9,1030,"65,1",41,"2,6",349,"19,4",92,"5,8",3,1362,1,365,0,0,0,0,1,861,0,0,212 927,"10,4",174 143,"8,5",38 784,"1,9",2 173,"10,7",254,"5,5",2,1,2,0,8,20,1,0,1,0,7,33,14,1,"59,3","101,9",0,"8,8","32,7","8,4","75,3","9,2","0,6","36,1",venäjä,600,somali,416,"viro, eesti",403
506   Jakomäen peruspiiri       ,3707,"64,6",77,"1,3",1953,"34,0",1 229,"21,4",2 027,"35,3",2 260,"39,4",68,"11,9",75,"13,2",689,"121,0",590,"103,7",513,"8,7",603,"10,2",3799,"64,3",991,"16,8",2 942,276,1 505,5737,493,"8,6",525,"9,2",175,"3,1",541,"9,4",1320,"23,0",1687,"29,4",996,"17,4",2 959,"1,93",1 427,1 415,821,"2,7",1 013,"33,7",1 377,"69,1",617,"20,5",79,"32,6",364,"48,6",  21 356   ,"19,3",  28 457   ,  20 129   ,"63,3","32,9","1,32",3092,180,2131,1829,49,9,21,5,14,3,245,"57,0",12,"2,8",123,"24,9",43,"10,0",1,352,1,139,0,0,0,0,0,0,0,0,84 957,"14,8",72 205,"12,6",12 752,"2,2",1 330,"23,2",135,"11,9",1,1,1,1,5,7,1,0,1,0,5,4,8,0,"3,3","69,4",0,"16,9","28,9","12,8","62,9","5,8","0,4","53,9",venäjä,677,"viro, eesti",406,somali,143
6    Kaakkoinen suurpiiri       ,42593,"80,6",2986,"5,6",7271,"13,8",4 158,"7,9",7 343,"13,9",23 606,"44,7",514,"9,9",417,"8,0",7898,"151,5",7171,"137,6",4995,"7,0",6313,"8,8",45827,"64,0",14444,"20,2",2 095,538,1 395,52850,4141,"7,8",4821,"9,1",1442,"2,7",3322,"6,3",12508,"23,7",17130,"32,4",9486,"18,0",27 293,"1,92",12 830,13 819,7 312,"2,7",4 471,"15,1",9 668,"38,4",15 499,"52,3",1 192,"68,2",1839,"22,0",  37 407   ,"13,0",  40 897   ,  25 581   ,"67,8","35,4","1,38",29485,5012,14502,7373,1064,225,218,395,227,23,2425,"67,3",94,"2,6",696,"16,8",296,"8,2",9,3403,4,1718,2,266,0,0,3,1259,1,39,585 402,"11,1",486 837,"9,2",98 565,"1,9",5 455,"10,3",389,"3,9",3,1,8,0,25,44,7,3,5,2,26,98,59,9,"138,9","593,7",7,"9,8","33,7","8,3","73,6","18,8","4,2","51,0",venäjä,1523,"viro, eesti",852,somali,707
601   Kulosaaren peruspiiri     ,2964,"74,0",674,"16,8",369,"9,2",241,"6,0",376,"9,4",1 924,"48,0",30,"7,5",34,"8,5",561,"140,7",577,"144,8",245,"6,2",378,"9,5",2580,"65,0",763,"19,2",1 636,484,1 229,4007,283,"7,1",423,"10,6",114,"2,9",271,"6,8",892,"22,3",1246,"31,1",778,"19,4",1 932,"2,06",838,1 053,564,"2,8",206,"9,6",500,"25,9",1 432,"67,0",109,"81,6",71,"8,8",  57 083   ,"12,6",  54 465   ,  30 458   ,"88,3","42,2","1,43",2180,588,681,58,65,28,28,1,7,2,167,"65,7",,,41,"14,5",32,"12,6",1,354,1,455,1,124,0,0,2,895,0,0,53 086,"13,2",45 847,"11,4",7 239,"1,8",147,"3,7",,,0,0,0,0,3,6,2,0,0,0,1,8,6,1,"16,0","77,0",2,"7,0","31,0","7,5","77,9","1,6","0,0","44,7",venäjä,83,englanti,46,"viro, eesti",36
602   Herttoniemen peruspiiri   ,23099,"80,0",1149,"4,0",4627,"16,0",2 593,"9,0",4 666,"16,2",12 305,"42,6",308,"10,7",229,"8,0",4194,"146,0",4210,"146,6",2220,"6,6",2771,"8,2",21900,"64,8",6900,"20,4",4 125,1 449,2 965,28875,2224,"7,7",2392,"8,3",708,"2,5",1775,"6,1",7605,"26,3",9369,"32,5",4802,"16,6",15 573,"1,83",7 894,7 233,3 766,"2,7",2 865,"16,9",5 690,"40,3",8 419,"49,6",576,"64,5",1038,"24,3",  33 684   ,"14,0",  37 613   ,  24 518   ,"60,8","33,5","1,34",16729,1282,9567,4863,815,160,124,375,156,12,1272,"66,5",63,"3,3",381,"17,1",154,"8,1",4,1821,2,839,1,142,0,0,1,364,1,39,343 895,"11,9",288 784,"10,0",55 111,"1,9",3 581,"12,4",256,"5,0",2,0,4,0,16,21,4,3,4,1,18,64,46,4,"61,0","164,1",1,"10,9","33,2","8,8","72,0","15,0","3,8","57,0",venäjä,782,somali,575,"viro, eesti",535
603   Laajasalon peruspiiri     ,16530,"82,8",1163,"5,8",2275,"11,4",1 324,"6,6",2 301,"11,5",9 377,"47,0",176,"9,1",154,"7,9",3143,"161,8",2384,"122,7",2528,"7,5",3162,"9,4",21343,"63,1",6782,"20,1",1 265,143,724,19968,1634,"8,2",2006,"10,1",620,"3,1",1276,"6,4",4011,"20,1",6515,"32,6",3906,"19,6",9 788,"2,03",4 098,5 533,2 982,"2,7",1 400,"13,3",3 478,"38,1",5 648,"53,7",507,"69,8",730,"21,8",  39 023   ,"11,2",  45 884   ,  26 725   ,"74,7","36,9","1,43",10576,3142,4254,2452,184,36,66,18,64,9,986,"68,6",30,"2,1",274,"16,8",110,"7,6",4,1228,1,424,0,0,0,0,0,0,0,0,188 421,"9,4",152 206,"7,6",36 215,"1,8",1 727,"8,6",131,"3,2",1,1,4,0,6,17,1,0,1,1,7,26,7,4,"61,9","352,5",4,"8,7","35,2","7,8","75,4","2,2","0,4","42,2",venäjä,658,"viro, eesti",281,arabia,183
7    Itäinen suurpiiri          ,78851,"70,0",4318,"3,8",29502,"26,2",16 537,"14,7",30 389,"27,0",47 625,"42,3",1133,"10,1",1029,"9,2",15097,"134,4",15367,"136,8",8546,"6,9",11537,"9,3",75999,"61,2",28158,"22,7",3 005,602,1 806,112671,8857,"7,9",10888,"9,7",3727,"3,3",7620,"6,8",23336,"20,7",36991,"32,8",21252,"18,9",56 532,"1,98",26 083,28 693,15 738,"2,8",15 410,"25,5",23 164,"51,6",21 753,"36,1",2 533,"55,9",5285,"30,6",  27 664   ,"15,1",  35 322   ,  22 947   ,"66,8","33,7","1,34",60062,10056,28693,17244,1844,436,526,514,368,69,5092,"65,9",180,"2,3",1790,"20,2",412,"5,3",13,6205,9,2771,2,362,1,236,3,1418,1,44,1 475 665,"13,1",1 241 058,"11,0",234 607,"2,1",20 026,"17,8",1766,"8,0",4,4,13,3,55,63,11,5,8,6,92,237,168,22,"331,2","897,8",6,"13,4","34,4","11,0","66,7","47,4","9,6","50,7",venäjä,6323,somali,3852,"viro, eesti",3306
701   Vartiokylän peruspiiri    ,16090,"72,9",1029,"4,7",4952,"22,4",2 835,"12,8",5 104,"23,1",9 619,"43,6",191,"8,6",274,"12,3",2815,"126,5",3223,"144,9",1317,"6,4",1917,"9,3",12559,"60,9",4842,"23,5",3 122,1 410,2 460,22071,1554,"7,0",2044,"9,3",712,"3,2",1488,"6,7",4467,"20,2",7387,"33,5",4419,"20,0",11 092,"1,96",5 199,5 551,2 942,"2,8",2 682,"22,6",4 134,"45,1",5 038,"42,5",540,"63,3",882,"24,0",  31 424   ,"14,7",  37 045   ,  23 960   ,"70,5","35,9","1,40",12089,3063,5459,2597,687,292,105,179,111,13,879,"64,3",49,"3,6",289,"18,6",81,"5,9",2,888,1,372,1,226,1,236,0,0,0,0,256 914,"11,6",212 658,"9,6",44 256,"2,0",3 472,"15,7",225,"5,5",1,0,2,0,10,10,3,1,3,3,28,144,68,8,"52,4","89,1",2,"12,5","36,3","11,3","68,1","15,0","3,0","50,5",somali,822,venäjä,726,arabia,507
702   Myllypuron peruspiiri     ,9422,"75,0",401,"3,2",2744,"21,8",1 493,"11,9",2 825,"22,5",5 695,"45,3",117,"9,5",100,"8,1",1698,"137,3",1376,"111,3",1099,"7,2",1637,"10,8",9262,"61,0",3174,"20,9",3 570,532,2 072,12567,1145,"9,1",1163,"9,3",415,"3,3",778,"6,2",2645,"21,0",4053,"32,3",2368,"18,8",6 098,"2,04",2 688,3 259,1 809,"2,8",1 587,"23,7",2 596,"50,8",2 515,"37,5",300,"60,7",542,"27,5",  28 421   ,"15,0",  37 945   ,  23 557   ,"68,5","33,6","1,36",6432,1382,2932,1981,191,13,151,13,15,8,677,"66,3",38,"3,7",218,"19,0",65,"6,4",2,878,2,357,0,0,0,0,1,615,0,0,182 144,"14,5",157 011,"12,5",25 133,"2,0",1 795,"14,3",157,"6,1",1,1,1,1,10,13,2,1,1,0,9,12,7,1,"29,2","101,7",0,"10,9","34,4","11,6","69,9","7,4","0,8","49,4",venäjä,548,somali,411,"viro, eesti",323
703   Mellunkylän peruspiiri    ,25899,"66,3",1069,"2,7",12103,"31,0",6 977,"17,9",12 436,"31,8",15 958,"40,8",428,"11,0",378,"9,7",5307,"136,4",5408,"138,9",2815,"6,9",3838,"9,4",25265,"61,9",8909,"21,8",3 983,429,2 036,39071,3106,"8,0",3744,"9,6",1394,"3,6",2794,"7,2",8249,"21,1",12533,"32,1",7251,"18,6",19 494,"2,00",9 077,9 669,5 486,"2,8",6 265,"30,1",8 637,"59,5",5 880,"28,3",812,"46,1",2174,"37,0",  24 113   ,"16,9",  32 473   ,  21 567   ,"65,4","32,9","1,33",20652,3110,10723,7679,325,42,129,74,79,23,1757,"65,9",39,"1,5",698,"22,5",102,"3,8",5,2087,2,832,0,0,0,0,1,287,1,44,538 654,"13,8",453 854,"11,6",84 800,"2,2",7 943,"20,3",702,"9,0",1,2,6,1,15,23,1,1,3,2,32,32,46,8,"100,1","220,8",0,"15,1","32,9","11,0","63,9","13,8","3,2","51,6",venäjä,2574,"viro, eesti",1520,somali,1485
704   Vuosaaren peruspiiri      ,27440,"70,4",1819,"4,7",9703,"24,9",5 232,"13,4",10 024,"25,7",16 353,"42,0",397,"10,2",277,"7,1",5277,"136,0",5360,"138,1",3315,"7,0",4146,"8,7",28912,"60,7",11232,"23,6",2 281,382,1 351,38962,3052,"7,8",3937,"10,1",1206,"3,1",2560,"6,6",7975,"20,5",13018,"33,4",7214,"18,5",19 848,"1,96",9 119,10 214,5 501,"2,7",4 876,"23,2",7 797,"48,4",8 320,"39,6",881,"61,0",1687,"28,0",  28 792   ,"13,5",  36 911   ,  23 749   ,"65,5","33,5","1,32",20889,2501,9579,4987,641,89,141,249,162,25,1779,"66,6",54,"2,0",585,"19,2",164,"6,1",4,2352,4,1210,1,136,0,0,1,516,0,0,497 953,"12,8",417 535,"10,7",80 418,"2,1",6 816,"17,5",682,"8,8",1,1,4,1,20,17,5,2,1,1,23,46,47,5,"149,4","486,3",4,"13,1","35,0","10,5","67,8","11,0","2,6","50,3",venäjä,2475,somali,1134,"viro, eesti",1028
8    Östersundomin suurpiiri,1451,"74,6",377,"19,4",116,"6,0",79,"4,1",128,"6,6",772,"39,7",8,"4,0",8,"4,0",113,"57,2",128,"64,8",297,"9,6",424,"13,8",1786,"58,0",574,"18,6",74,16,66,1944,109,"5,6",279,"14,4",133,"6,8",142,"7,3",189,"9,7",871,"44,8",221,"11,4",667,"2,91",106,558,375,"3,2",129,"12,2",304,"32,7",627,"59,2",115,"80,5",67,"16,5",  60 366   ,"4,9",  98 038   ,  37 262   ,"160,7","55,8","1,50",733,714,66,0,32,4,13,5,10,2,61,"61,6",,,25,"22,9",12,"12,1",1,157,1,108,1,51,0,0,0,0,0,0,10 121,"5,2",7 977,"4,1",2 144,"1,1",24,"1,2",,,1,0,0,0,3,6,1,1,0,0,4,10,1,1,"39,0","1088,5",0,"5,7","39,3",,"80,9","4,6","0,2","11,8",venäjä,40,"viro, eesti",22,englanti,15
801 Östersundomin peruspiiri,1451,"74,6",377,"19,4",116,"6,0",79,"4,1",128,"6,6",772,"39,7",8,"4,0",8,"4,0",113,"57,2",128,"64,8",297,"9,6",424,"13,8",1786,"58,0",574,"18,6",74,16,66,1944,109,"5,6",279,"14,4",133,"6,8",142,"7,3",189,"9,7",871,"44,8",221,"11,4",667,"2,91",106,558,375,"3,2",129,"12,2",304,"32,7",627,"59,2",115,"80,5",67,"16,5",  60 366   ,"4,9",  98 038   ,  37 262   ,"160,7","55,8","1,50",733,714,66,0,32,4,13,5,10,2,61,"61,6",,,25,"22,9",12,"12,1",1,157,1,108,1,51,0,0,0,0,0,0,10 121,"5,2",7 977,"4,1",2 144,"1,1",24,"1,2",,,1,0,0,0,3,6,1,1,0,0,4,10,1,1,"39,0","1088,5",0,"5,7","39,3",,"80,9","4,6","0,2","11,8",venäjä,40,"viro, eesti",22,englanti,15
,,,,,,,,,,,,,,,,,,,,,,,,,,,,,,,,,,,,,,,,,,,,,,,,,,,,,,,,,,,,,,,,,,,,,,,,,,,,,,,,,,,,,,,,,,,,,,,,,,,,,,,,,,,,,,,,,,,,,,,,,,,,,,,,,,,,,,,,,,,
Lähde: Helsinki alueittain 2019,,,,,,,,,,,,,,,,,,,,,,,,,,,,,,,,,,,,,,,,,,,,,,,,,,,,,,,,,,,,,,,,,,,,,,,,,,,,,,,,,,,,,,,,,,,,,,,,,,,,,,,,,,,,,,,,,,,,,,,,,,,,,,,,,,,,,,,,,,,
,,,,,,,,,,,,,,,,,,,,,,,,,,,,,,,,,,,,,,,,,,,,,,,,,,,,,,,,,,,,,,,,,,,,,,,,,,,,,,,,,,,,,,,,,,,,,,,,,,,,,,,,,,,,,,,,,,,,,,,,,,,,,,,,,,,,,,,,,,,
Käsitemääritelmät ja lähteitä,,,,,,,,,,,,,,,,,,,,,,,,,,,,,,,,,,,,,,,,,,,,,,,,,,,,,,,,,,,,,,,,,,,,,,,,,,,,,,,,,,,,,,,,,,,,,,,,,,,,,,,,,,,,,,,,,,,,,,,,,,,,,,,,,,,,,,,,,,,
,,,,,,,,,,,,,,,,,,,,,,,,,,,,,,,,,,,,,,,,,,,,,,,,,,,,,,,,,,,,,,,,,,,,,,,,,,,,,,,,,,,,,,,,,,,,,,,,,,,,,,,,,,,,,,,,,,,,,,,,,,,,,,,,,,,,,,,,,,,
ALUEJAKO,,,,,,,,,,,,,,,,,,,,,,,,,,,,,,,,,,,,,,,,,,,,,,,,,,,,,,,,,,,,,,,,,,,,,,,,,,,,,,,,,,,,,,,,,,,,,,,,,,,,,,,,,,,,,,,,,,,,,,,,,,,,,,,,,,,,,,,,,,,
Helsingin piirijakojärjestelmä. Hyväksytty kaupunginhallituksessa,,,,,,,,,,,,,,,,,,,,,,,,,,,,,,,,,,,,,,,,,,,,,,,,,,,,,,,,,,,,,,,,,,,,,,,,,,,,,,,,,,,,,,,,,,,,,,,,,,,,,,,,,,,,,,,,,,,,,,,,,,,,,,,,,,,,,,,,,,,
26.11.2012.,,,,,,,,,,,,,,,,,,,,,,,,,,,,,,,,,,,,,,,,,,,,,,,,,,,,,,,,,,,,,,,,,,,,,,,,,,,,,,,,,,,,,,,,,,,,,,,,,,,,,,,,,,,,,,,,,,,,,,,,,,,,,,,,,,,,,,,,,,,
,,,,,,,,,,,,,,,,,,,,,,,,,,,,,,,,,,,,,,,,,,,,,,,,,,,,,,,,,,,,,,,,,,,,,,,,,,,,,,,,,,,,,,,,,,,,,,,,,,,,,,,,,,,,,,,,,,,,,,,,,,,,,,,,,,,,,,,,,,,
ALUESUHDELUKUJA ,,,,,,,,,,,,,,,,,,,,,,,,,,,,,,,,,,,,,,,,,,,,,,,,,,,,,,,,,,,,,,,,,,,,,,,,,,,,,,,,,,,,,,,,,,,,,,,,,,,,,,,,,,,,,,,,,,,,,,,,,,,,,,,,,,,,,,,,,,,
Asukkaita / km2 31.12.2018,,,,,,,,,,,,,,,,,,,,,,,,,,,,,,,,,,,,,,,,,,,,,,,,,,,,,,,,,,,,,,,,,,,,,,,,,,,,,,,,,,,,,,,,,,,,,,,,,,,,,,,,,,,,,,,,,,,,,,,,,,,,,,,,,,,,,,,,,,,
Työpaikkoja / km2 31.12.2017,,,,,,,,,,,,,,,,,,,,,,,,,,,,,,,,,,,,,,,,,,,,,,,,,,,,,,,,,,,,,,,,,,,,,,,,,,,,,,,,,,,,,,,,,,,,,,,,,,,,,,,,,,,,,,,,,,,,,,,,,,,,,,,,,,,,,,,,,,,
Kerrosala / ha 31.12.2018,,,,,,,,,,,,,,,,,,,,,,,,,,,,,,,,,,,,,,,,,,,,,,,,,,,,,,,,,,,,,,,,,,,,,,,,,,,,,,,,,,,,,,,,,,,,,,,,,,,,,,,,,,,,,,,,,,,,,,,,,,,,,,,,,,,,,,,,,,,
,,,,,,,,,,,,,,,,,,,,,,,,,,,,,,,,,,,,,,,,,,,,,,,,,,,,,,,,,,,,,,,,,,,,,,,,,,,,,,,,,,,,,,,,,,,,,,,,,,,,,,,,,,,,,,,,,,,,,,,,,,,,,,,,,,,,,,,,,,,
ASUMISOLOT 31.12.2018,,,,,,,,,,,,,,,,,,,,,,,,,,,,,,,,,,,,,,,,,,,,,,,,,,,,,,,,,,,,,,,,,,,,,,,,,,,,,,,,,,,,,,,,,,,,,,,,,,,,,,,,,,,,,,,,,,,,,,,,,,,,,,,,,,,,,,,,,,,
Asuntojen keskikoko on asuinhuoneistojen kokonaisalan ja,,,,,,,,,,,,,,,,,,,,,,,,,,,,,,,,,,,,,,,,,,,,,,,,,,,,,,,,,,,,,,,,,,,,,,,,,,,,,,,,,,,,,,,,,,,,,,,,,,,,,,,,,,,,,,,,,,,,,,,,,,,,,,,,,,,,,,,,,,,
asuntojen yhteismäärän välinen suhdeluku.,,,,,,,,,,,,,,,,,,,,,,,,,,,,,,,,,,,,,,,,,,,,,,,,,,,,,,,,,,,,,,,,,,,,,,,,,,,,,,,,,,,,,,,,,,,,,,,,,,,,,,,,,,,,,,,,,,,,,,,,,,,,,,,,,,,,,,,,,,,
Asumisväljyys on asunnon pinta-alan ja siinä asuvien henkilöiden,,,,,,,,,,,,,,,,,,,,,,,,,,,,,,,,,,,,,,,,,,,,,,,,,,,,,,,,,,,,,,,,,,,,,,,,,,,,,,,,,,,,,,,,,,,,,,,,,,,,,,,,,,,,,,,,,,,,,,,,,,,,,,,,,,,,,,,,,,,
välinen suhde.,,,,,,,,,,,,,,,,,,,,,,,,,,,,,,,,,,,,,,,,,,,,,,,,,,,,,,,,,,,,,,,,,,,,,,,,,,,,,,,,,,,,,,,,,,,,,,,,,,,,,,,,,,,,,,,,,,,,,,,,,,,,,,,,,,,,,,,,,,,
Asumistiheys on asunnon huoneiden ja siinä asuvien henkilöiden,,,,,,,,,,,,,,,,,,,,,,,,,,,,,,,,,,,,,,,,,,,,,,,,,,,,,,,,,,,,,,,,,,,,,,,,,,,,,,,,,,,,,,,,,,,,,,,,,,,,,,,,,,,,,,,,,,,,,,,,,,,,,,,,,,,,,,,,,,,
"lukumäärän välinen suhde, keittiötä ei ole laskettu",,,,,,,,,,,,,,,,,,,,,,,,,,,,,,,,,,,,,,,,,,,,,,,,,,,,,,,,,,,,,,,,,,,,,,,,,,,,,,,,,,,,,,,,,,,,,,,,,,,,,,,,,,,,,,,,,,,,,,,,,,,,,,,,,,,,,,,,,,,
huoneeksi.,,,,,,,,,,,,,,,,,,,,,,,,,,,,,,,,,,,,,,,,,,,,,,,,,,,,,,,,,,,,,,,,,,,,,,,,,,,,,,,,,,,,,,,,,,,,,,,,,,,,,,,,,,,,,,,,,,,,,,,,,,,,,,,,,,,,,,,,,,,
Lähde: Tilastokeskus.,,,,,,,,,,,,,,,,,,,,,,,,,,,,,,,,,,,,,,,,,,,,,,,,,,,,,,,,,,,,,,,,,,,,,,,,,,,,,,,,,,,,,,,,,,,,,,,,,,,,,,,,,,,,,,,,,,,,,,,,,,,,,,,,,,,,,,,,,,,
,,,,,,,,,,,,,,,,,,,,,,,,,,,,,,,,,,,,,,,,,,,,,,,,,,,,,,,,,,,,,,,,,,,,,,,,,,,,,,,,,,,,,,,,,,,,,,,,,,,,,,,,,,,,,,,,,,,,,,,,,,,,,,,,,,,,,,,,,,,
ASUNNOT 31.12.2018,,,,,,,,,,,,,,,,,,,,,,,,,,,,,,,,,,,,,,,,,,,,,,,,,,,,,,,,,,,,,,,,,,,,,,,,,,,,,,,,,,,,,,,,,,,,,,,,,,,,,,,,,,,,,,,,,,,,,,,,,,,,,,,,,,,,,,,,,,,
"Huoneistotyypit, keittiö laskettu huoneeksi. Asuntokannan",,,,,,,,,,,,,,,,,,,,,,,,,,,,,,,,,,,,,,,,,,,,,,,,,,,,,,,,,,,,,,,,,,,,,,,,,,,,,,,,,,,,,,,,,,,,,,,,,,,,,,,,,,,,,,,,,,,,,,,,,,,,,,,,,,,,,,,,,,,
ikä on määritelty rakennuksen käyttöönottovuoden mukaan.,,,,,,,,,,,,,,,,,,,,,,,,,,,,,,,,,,,,,,,,,,,,,,,,,,,,,,,,,,,,,,,,,,,,,,,,,,,,,,,,,,,,,,,,,,,,,,,,,,,,,,,,,,,,,,,,,,,,,,,,,,,,,,,,,,,,,,,,,,,
Lähde: Tilastokeskus.,,,,,,,,,,,,,,,,,,,,,,,,,,,,,,,,,,,,,,,,,,,,,,,,,,,,,,,,,,,,,,,,,,,,,,,,,,,,,,,,,,,,,,,,,,,,,,,,,,,,,,,,,,,,,,,,,,,,,,,,,,,,,,,,,,,,,,,,,,,
,,,,,,,,,,,,,,,,,,,,,,,,,,,,,,,,,,,,,,,,,,,,,,,,,,,,,,,,,,,,,,,,,,,,,,,,,,,,,,,,,,,,,,,,,,,,,,,,,,,,,,,,,,,,,,,,,,,,,,,,,,,,,,,,,,,,,,,,,,,
ASUNTOKANNAN IKÄ,,,,,,,,,,,,,,,,,,,,,,,,,,,,,,,,,,,,,,,,,,,,,,,,,,,,,,,,,,,,,,,,,,,,,,,,,,,,,,,,,,,,,,,,,,,,,,,,,,,,,,,,,,,,,,,,,,,,,,,,,,,,,,,,,,,,,,,,,,,
Lähde: Tilastokeskus.,,,,,,,,,,,,,,,,,,,,,,,,,,,,,,,,,,,,,,,,,,,,,,,,,,,,,,,,,,,,,,,,,,,,,,,,,,,,,,,,,,,,,,,,,,,,,,,,,,,,,,,,,,,,,,,,,,,,,,,,,,,,,,,,,,,,,,,,,,,
,,,,,,,,,,,,,,,,,,,,,,,,,,,,,,,,,,,,,,,,,,,,,,,,,,,,,,,,,,,,,,,,,,,,,,,,,,,,,,,,,,,,,,,,,,,,,,,,,,,,,,,,,,,,,,,,,,,,,,,,,,,,,,,,,,,,,,,,,,,
ASUNTOTUOTANTO 1970–2018,,,,,,,,,,,,,,,,,,,,,,,,,,,,,,,,,,,,,,,,,,,,,,,,,,,,,,,,,,,,,,,,,,,,,,,,,,,,,,,,,,,,,,,,,,,,,,,,,,,,,,,,,,,,,,,,,,,,,,,,,,,,,,,,,,,,,,,,,,,
"Lähde: Helsingin kaupungin kaupunginkanslia, kaupunkitutkimus ja -tilastot",,,,,,,,,,,,,,,,,,,,,,,,,,,,,,,,,,,,,,,,,,,,,,,,,,,,,,,,,,,,,,,,,,,,,,,,,,,,,,,,,,,,,,,,,,,,,,,,,,,,,,,,,,,,,,,,,,,,,,,,,,,,,,,,,,,,,,,,,,,
,,,,,,,,,,,,,,,,,,,,,,,,,,,,,,,,,,,,,,,,,,,,,,,,,,,,,,,,,,,,,,,,,,,,,,,,,,,,,,,,,,,,,,,,,,,,,,,,,,,,,,,,,,,,,,,,,,,,,,,,,,,,,,,,,,,,,,,,,,,
HUONEISTOTYYPIT 2018,,,,,,,,,,,,,,,,,,,,,,,,,,,,,,,,,,,,,,,,,,,,,,,,,,,,,,,,,,,,,,,,,,,,,,,,,,,,,,,,,,,,,,,,,,,,,,,,,,,,,,,,,,,,,,,,,,,,,,,,,,,,,,,,,,,,,,,,,,,
Lähde: Tilastokeskus.,,,,,,,,,,,,,,,,,,,,,,,,,,,,,,,,,,,,,,,,,,,,,,,,,,,,,,,,,,,,,,,,,,,,,,,,,,,,,,,,,,,,,,,,,,,,,,,,,,,,,,,,,,,,,,,,,,,,,,,,,,,,,,,,,,,,,,,,,,,
,,,,,,,,,,,,,,,,,,,,,,,,,,,,,,,,,,,,,,,,,,,,,,,,,,,,,,,,,,,,,,,,,,,,,,,,,,,,,,,,,,,,,,,,,,,,,,,,,,,,,,,,,,,,,,,,,,,,,,,,,,,,,,,,,,,,,,,,,,,
IKÄRAKENNE 31.12.2018,,,,,,,,,,,,,,,,,,,,,,,,,,,,,,,,,,,,,,,,,,,,,,,,,,,,,,,,,,,,,,,,,,,,,,,,,,,,,,,,,,,,,,,,,,,,,,,,,,,,,,,,,,,,,,,,,,,,,,,,,,,,,,,,,,,,,,,,,,,
"Lapset päivähoidon ja peruskoulun ikäryhmityksellä, työikäinen",,,,,,,,,,,,,,,,,,,,,,,,,,,,,,,,,,,,,,,,,,,,,,,,,,,,,,,,,,,,,,,,,,,,,,,,,,,,,,,,,,,,,,,,,,,,,,,,,,,,,,,,,,,,,,,,,,,,,,,,,,,,,,,,,,,,,,,,,,,
väestö sekä vanhukset omina ryhminään.,,,,,,,,,,,,,,,,,,,,,,,,,,,,,,,,,,,,,,,,,,,,,,,,,,,,,,,,,,,,,,,,,,,,,,,,,,,,,,,,,,,,,,,,,,,,,,,,,,,,,,,,,,,,,,,,,,,,,,,,,,,,,,,,,,,,,,,,,,,
Lähde: Tilastokeskus.,,,,,,,,,,,,,,,,,,,,,,,,,,,,,,,,,,,,,,,,,,,,,,,,,,,,,,,,,,,,,,,,,,,,,,,,,,,,,,,,,,,,,,,,,,,,,,,,,,,,,,,,,,,,,,,,,,,,,,,,,,,,,,,,,,,,,,,,,,,
,,,,,,,,,,,,,,,,,,,,,,,,,,,,,,,,,,,,,,,,,,,,,,,,,,,,,,,,,,,,,,,,,,,,,,,,,,,,,,,,,,,,,,,,,,,,,,,,,,,,,,,,,,,,,,,,,,,,,,,,,,,,,,,,,,,,,,,,,,,
KOULUT 2019,,,,,,,,,,,,,,,,,,,,,,,,,,,,,,,,,,,,,,,,,,,,,,,,,,,,,,,,,,,,,,,,,,,,,,,,,,,,,,,,,,,,,,,,,,,,,,,,,,,,,,,,,,,,,,,,,,,,,,,,,,,,,,,,,,,,,,,,,,,
Lähde: Helsingin kaupungin kasvatuksen ja koulutuksen toimiala,,,,,,,,,,,,,,,,,,,,,,,,,,,,,,,,,,,,,,,,,,,,,,,,,,,,,,,,,,,,,,,,,,,,,,,,,,,,,,,,,,,,,,,,,,,,,,,,,,,,,,,,,,,,,,,,,,,,,,,,,,,,,,,,,,,,,,,,,,,
,,,,,,,,,,,,,,,,,,,,,,,,,,,,,,,,,,,,,,,,,,,,,,,,,,,,,,,,,,,,,,,,,,,,,,,,,,,,,,,,,,,,,,,,,,,,,,,,,,,,,,,,,,,,,,,,,,,,,,,,,,,,,,,,,,,,,,,,,,,
KOULUTUSTASO 31.12.2018,,,,,,,,,,,,,,,,,,,,,,,,,,,,,,,,,,,,,,,,,,,,,,,,,,,,,,,,,,,,,,,,,,,,,,,,,,,,,,,,,,,,,,,,,,,,,,,,,,,,,,,,,,,,,,,,,,,,,,,,,,,,,,,,,,,,,,,,,,,
Väestön koulutusrakennetilastoissa on tiedot 25-64 vuotta,,,,,,,,,,,,,,,,,,,,,,,,,,,,,,,,,,,,,,,,,,,,,,,,,,,,,,,,,,,,,,,,,,,,,,,,,,,,,,,,,,,,,,,,,,,,,,,,,,,,,,,,,,,,,,,,,,,,,,,,,,,,,,,,,,,,,,,,,,,
täyttäneen väestön korkeimmasta suorittamasta tutkinnosta,,,,,,,,,,,,,,,,,,,,,,,,,,,,,,,,,,,,,,,,,,,,,,,,,,,,,,,,,,,,,,,,,,,,,,,,,,,,,,,,,,,,,,,,,,,,,,,,,,,,,,,,,,,,,,,,,,,,,,,,,,,,,,,,,,,,,,,,,,,
ja samantasoisista tutkinnoista viimeksi suoritettu ammatillinen,,,,,,,,,,,,,,,,,,,,,,,,,,,,,,,,,,,,,,,,,,,,,,,,,,,,,,,,,,,,,,,,,,,,,,,,,,,,,,,,,,,,,,,,,,,,,,,,,,,,,,,,,,,,,,,,,,,,,,,,,,,,,,,,,,,,,,,,,,,
tutkinto.,,,,,,,,,,,,,,,,,,,,,,,,,,,,,,,,,,,,,,,,,,,,,,,,,,,,,,,,,,,,,,,,,,,,,,,,,,,,,,,,,,,,,,,,,,,,,,,,,,,,,,,,,,,,,,,,,,,,,,,,,,,,,,,,,,,,,,,,,,,
Keskiasteen koulutus sisältää lukiokoulutuksen sekä toisen,,,,,,,,,,,,,,,,,,,,,,,,,,,,,,,,,,,,,,,,,,,,,,,,,,,,,,,,,,,,,,,,,,,,,,,,,,,,,,,,,,,,,,,,,,,,,,,,,,,,,,,,,,,,,,,,,,,,,,,,,,,,,,,,,,,,,,,,,,,
asteen ammatillinen koulutuksen suorittaneet.,,,,,,,,,,,,,,,,,,,,,,,,,,,,,,,,,,,,,,,,,,,,,,,,,,,,,,,,,,,,,,,,,,,,,,,,,,,,,,,,,,,,,,,,,,,,,,,,,,,,,,,,,,,,,,,,,,,,,,,,,,,,,,,,,,,,,,,,,,,
"Korkea-aste sisältää opistoasteen, ammatillisen korkea-asteen,",,,,,,,,,,,,,,,,,,,,,,,,,,,,,,,,,,,,,,,,,,,,,,,,,,,,,,,,,,,,,,,,,,,,,,,,,,,,,,,,,,,,,,,,,,,,,,,,,,,,,,,,,,,,,,,,,,,,,,,,,,,,,,,,,,,,,,,,,,,
"ammattikorkeakoulun, alemmat korkeakoulututkinnot,",,,,,,,,,,,,,,,,,,,,,,,,,,,,,,,,,,,,,,,,,,,,,,,,,,,,,,,,,,,,,,,,,,,,,,,,,,,,,,,,,,,,,,,,,,,,,,,,,,,,,,,,,,,,,,,,,,,,,,,,,,,,,,,,,,,,,,,,,,,
"ammattikorkeakoulun jatkotutkinnot, ylemmät korkeakoulututkinnot,",,,,,,,,,,,,,,,,,,,,,,,,,,,,,,,,,,,,,,,,,,,,,,,,,,,,,,,,,,,,,,,,,,,,,,,,,,,,,,,,,,,,,,,,,,,,,,,,,,,,,,,,,,,,,,,,,,,,,,,,,,,,,,,,,,,,,,,,,,,
lääkäreiden erikoistumiskoulutuksen sekä,,,,,,,,,,,,,,,,,,,,,,,,,,,,,,,,,,,,,,,,,,,,,,,,,,,,,,,,,,,,,,,,,,,,,,,,,,,,,,,,,,,,,,,,,,,,,,,,,,,,,,,,,,,,,,,,,,,,,,,,,,,,,,,,,,,,,,,,,,,
lisensiaatin ja tohtorin tutkinnot.,,,,,,,,,,,,,,,,,,,,,,,,,,,,,,,,,,,,,,,,,,,,,,,,,,,,,,,,,,,,,,,,,,,,,,,,,,,,,,,,,,,,,,,,,,,,,,,,,,,,,,,,,,,,,,,,,,,,,,,,,,,,,,,,,,,,,,,,,,,
Lähde: Tilastokeskus.,,,,,,,,,,,,,,,,,,,,,,,,,,,,,,,,,,,,,,,,,,,,,,,,,,,,,,,,,,,,,,,,,,,,,,,,,,,,,,,,,,,,,,,,,,,,,,,,,,,,,,,,,,,,,,,,,,,,,,,,,,,,,,,,,,,,,,,,,,,
,,,,,,,,,,,,,,,,,,,,,,,,,,,,,,,,,,,,,,,,,,,,,,,,,,,,,,,,,,,,,,,,,,,,,,,,,,,,,,,,,,,,,,,,,,,,,,,,,,,,,,,,,,,,,,,,,,,,,,,,,,,,,,,,,,,,,,,,,,,
KUNNALLISVAALIT 2017,,,,,,,,,,,,,,,,,,,,,,,,,,,,,,,,,,,,,,,,,,,,,,,,,,,,,,,,,,,,,,,,,,,,,,,,,,,,,,,,,,,,,,,,,,,,,,,,,,,,,,,,,,,,,,,,,,,,,,,,,,,,,,,,,,,,,,,,,,,
Eduskuntavaaleissa vaalipäivänä annettujen äänien osuudet,,,,,,,,,,,,,,,,,,,,,,,,,,,,,,,,,,,,,,,,,,,,,,,,,,,,,,,,,,,,,,,,,,,,,,,,,,,,,,,,,,,,,,,,,,,,,,,,,,,,,,,,,,,,,,,,,,,,,,,,,,,,,,,,,,,,,,,,,,,
puolueittain.,,,,,,,,,,,,,,,,,,,,,,,,,,,,,,,,,,,,,,,,,,,,,,,,,,,,,,,,,,,,,,,,,,,,,,,,,,,,,,,,,,,,,,,,,,,,,,,,,,,,,,,,,,,,,,,,,,,,,,,,,,,,,,,,,,,,,,,,,,,
"Lähde: Helsingin kaupungin kaupunginkanslia, kaupunkitutkimus ja -tilastot",,,,,,,,,,,,,,,,,,,,,,,,,,,,,,,,,,,,,,,,,,,,,,,,,,,,,,,,,,,,,,,,,,,,,,,,,,,,,,,,,,,,,,,,,,,,,,,,,,,,,,,,,,,,,,,,,,,,,,,,,,,,,,,,,,,,,,,,,,,
,,,,,,,,,,,,,,,,,,,,,,,,,,,,,,,,,,,,,,,,,,,,,,,,,,,,,,,,,,,,,,,,,,,,,,,,,,,,,,,,,,,,,,,,,,,,,,,,,,,,,,,,,,,,,,,,,,,,,,,,,,,,,,,,,,,,,,,,,,,
VARHAISKASVATUS 2018,,,,,,,,,,,,,,,,,,,,,,,,,,,,,,,,,,,,,,,,,,,,,,,,,,,,,,,,,,,,,,,,,,,,,,,,,,,,,,,,,,,,,,,,,,,,,,,,,,,,,,,,,,,,,,,,,,,,,,,,,,,,,,,,,,,,,,,,,,,
"Kaupungin omistamat päiväkodit, yksityiset ostopalvelupäiväkodit",,,,,,,,,,,,,,,,,,,,,,,,,,,,,,,,,,,,,,,,,,,,,,,,,,,,,,,,,,,,,,,,,,,,,,,,,,,,,,,,,,,,,,,,,,,,,,,,,,,,,,,,,,,,,,,,,,,,,,,,,,,,,,,,,,,,,,,,,,,
ja kunnallinen perhepäivähoito. Kotihoidontukea,,,,,,,,,,,,,,,,,,,,,,,,,,,,,,,,,,,,,,,,,,,,,,,,,,,,,,,,,,,,,,,,,,,,,,,,,,,,,,,,,,,,,,,,,,,,,,,,,,,,,,,,,,,,,,,,,,,,,,,,,,,,,,,,,,,,,,,,,,,
saavien lasten lukumäärä ja yksityisen hoidon tukea saavien,,,,,,,,,,,,,,,,,,,,,,,,,,,,,,,,,,,,,,,,,,,,,,,,,,,,,,,,,,,,,,,,,,,,,,,,,,,,,,,,,,,,,,,,,,,,,,,,,,,,,,,,,,,,,,,,,,,,,,,,,,,,,,,,,,,,,,,,,,,
lasten lukumäärä. Lasten lukumäärä tilastoitu lapsen asuinpaikan mukaan.,,,,,,,,,,,,,,,,,,,,,,,,,,,,,,,,,,,,,,,,,,,,,,,,,,,,,,,,,,,,,,,,,,,,,,,,,,,,,,,,,,,,,,,,,,,,,,,,,,,,,,,,,,,,,,,,,,,,,,,,,,,,,,,,,,,,,,,,,,,
Lähde: Helsingin kaupungin kasvatuksen ja koulutuksen toimiala,,,,,,,,,,,,,,,,,,,,,,,,,,,,,,,,,,,,,,,,,,,,,,,,,,,,,,,,,,,,,,,,,,,,,,,,,,,,,,,,,,,,,,,,,,,,,,,,,,,,,,,,,,,,,,,,,,,,,,,,,,,,,,,,,,,,,,,,,,,
,,,,,,,,,,,,,,,,,,,,,,,,,,,,,,,,,,,,,,,,,,,,,,,,,,,,,,,,,,,,,,,,,,,,,,,,,,,,,,,,,,,,,,,,,,,,,,,,,,,,,,,,,,,,,,,,,,,,,,,,,,,,,,,,,,,,,,,,,,,
LIIKENNE 2014-2018 ,,,,,,,,,,,,,,,,,,,,,,,,,,,,,,,,,,,,,,,,,,,,,,,,,,,,,,,,,,,,,,,,,,,,,,,,,,,,,,,,,,,,,,,,,,,,,,,,,,,,,,,,,,,,,,,,,,,,,,,,,,,,,,,,,,,,,,,,,,,
"Lähde: Helsingin kaupungin kaupunkiympäristön toimiala,",,,,,,,,,,,,,,,,,,,,,,,,,,,,,,,,,,,,,,,,,,,,,,,,,,,,,,,,,,,,,,,,,,,,,,,,,,,,,,,,,,,,,,,,,,,,,,,,,,,,,,,,,,,,,,,,,,,,,,,,,,,,,,,,,,,,,,,,,,,
liikenneonnettomuusrekisteri.,,,,,,,,,,,,,,,,,,,,,,,,,,,,,,,,,,,,,,,,,,,,,,,,,,,,,,,,,,,,,,,,,,,,,,,,,,,,,,,,,,,,,,,,,,,,,,,,,,,,,,,,,,,,,,,,,,,,,,,,,,,,,,,,,,,,,,,,,,,
Autottomat asuntokunnat (31.12.2017): tieto kuvaa autottomien,,,,,,,,,,,,,,,,,,,,,,,,,,,,,,,,,,,,,,,,,,,,,,,,,,,,,,,,,,,,,,,,,,,,,,,,,,,,,,,,,,,,,,,,,,,,,,,,,,,,,,,,,,,,,,,,,,,,,,,,,,,,,,,,,,,,,,,,,,,
asuntokuntien osuutta kaikista asuntokunnista. ,,,,,,,,,,,,,,,,,,,,,,,,,,,,,,,,,,,,,,,,,,,,,,,,,,,,,,,,,,,,,,,,,,,,,,,,,,,,,,,,,,,,,,,,,,,,,,,,,,,,,,,,,,,,,,,,,,,,,,,,,,,,,,,,,,,,,,,,,,,
Lähde: Tilastokeskus ja Suomen ympäristökeskus.,,,,,,,,,,,,,,,,,,,,,,,,,,,,,,,,,,,,,,,,,,,,,,,,,,,,,,,,,,,,,,,,,,,,,,,,,,,,,,,,,,,,,,,,,,,,,,,,,,,,,,,,,,,,,,,,,,,,,,,,,,,,,,,,,,,,,,,,,,,
,,,,,,,,,,,,,,,,,,,,,,,,,,,,,,,,,,,,,,,,,,,,,,,,,,,,,,,,,,,,,,,,,,,,,,,,,,,,,,,,,,,,,,,,,,,,,,,,,,,,,,,,,,,,,,,,,,,,,,,,,,,,,,,,,,,,,,,,,,,
PALVELUPISTEET 2020,,,,,,,,,,,,,,,,,,,,,,,,,,,,,,,,,,,,,,,,,,,,,,,,,,,,,,,,,,,,,,,,,,,,,,,,,,,,,,,,,,,,,,,,,,,,,,,,,,,,,,,,,,,,,,,,,,,,,,,,,,,,,,,,,,,,,,,,,,,
Uimahallit: julkisessa käytössä olevat.,,,,,,,,,,,,,,,,,,,,,,,,,,,,,,,,,,,,,,,,,,,,,,,,,,,,,,,,,,,,,,,,,,,,,,,,,,,,,,,,,,,,,,,,,,,,,,,,,,,,,,,,,,,,,,,,,,,,,,,,,,,,,,,,,,,,,,,,,,,
"Liikuntasalit ja -hallit (sisäliikuntapaikat): liikuntasali,",,,,,,,,,,,,,,,,,,,,,,,,,,,,,,,,,,,,,,,,,,,,,,,,,,,,,,,,,,,,,,,,,,,,,,,,,,,,,,,,,,,,,,,,,,,,,,,,,,,,,,,,,,,,,,,,,,,,,,,,,,,,,,,,,,,,,,,,,,,
"liikuntapaikkojen tyyppikoodi 2150, on muun rakennuksen",,,,,,,,,,,,,,,,,,,,,,,,,,,,,,,,,,,,,,,,,,,,,,,,,,,,,,,,,,,,,,,,,,,,,,,,,,,,,,,,,,,,,,,,,,,,,,,,,,,,,,,,,,,,,,,,,,,,,,,,,,,,,,,,,,,,,,,,,,,
"yhteydessä oleva liikuntatila. Liikuntahalli, liikuntapaikkojen",,,,,,,,,,,,,,,,,,,,,,,,,,,,,,,,,,,,,,,,,,,,,,,,,,,,,,,,,,,,,,,,,,,,,,,,,,,,,,,,,,,,,,,,,,,,,,,,,,,,,,,,,,,,,,,,,,,,,,,,,,,,,,,,,,,,,,,,,,,
"tyyppikoodi 2210, on useiden lajien liikuntatiloja sisältävä",,,,,,,,,,,,,,,,,,,,,,,,,,,,,,,,,,,,,,,,,,,,,,,,,,,,,,,,,,,,,,,,,,,,,,,,,,,,,,,,,,,,,,,,,,,,,,,,,,,,,,,,,,,,,,,,,,,,,,,,,,,,,,,,,,,,,,,,,,,
rakennus.,,,,,,,,,,,,,,,,,,,,,,,,,,,,,,,,,,,,,,,,,,,,,,,,,,,,,,,,,,,,,,,,,,,,,,,,,,,,,,,,,,,,,,,,,,,,,,,,,,,,,,,,,,,,,,,,,,,,,,,,,,,,,,,,,,,,,,,,,,,
"Pallokenttä (ulkoliikunta): palloiluun, liikuntapaikkojen tyyppikoodi",,,,,,,,,,,,,,,,,,,,,,,,,,,,,,,,,,,,,,,,,,,,,,,,,,,,,,,,,,,,,,,,,,,,,,,,,,,,,,,,,,,,,,,,,,,,,,,,,,,,,,,,,,,,,,,,,,,,,,,,,,,,,,,,,,,,,,,,,,,
"1340, tarkoitettu kenttä. Yksi tai useampi palloilulaji",,,,,,,,,,,,,,,,,,,,,,,,,,,,,,,,,,,,,,,,,,,,,,,,,,,,,,,,,,,,,,,,,,,,,,,,,,,,,,,,,,,,,,,,,,,,,,,,,,,,,,,,,,,,,,,,,,,,,,,,,,,,,,,,,,,,,,,,,,,
mahdollista. ,,,,,,,,,,,,,,,,,,,,,,,,,,,,,,,,,,,,,,,,,,,,,,,,,,,,,,,,,,,,,,,,,,,,,,,,,,,,,,,,,,,,,,,,,,,,,,,,,,,,,,,,,,,,,,,,,,,,,,,,,,,,,,,,,,,,,,,,,,,
"Kirkot: Helsingin seurakuntayhtymän hallinnoimat, ortodoksiset",,,,,,,,,,,,,,,,,,,,,,,,,,,,,,,,,,,,,,,,,,,,,,,,,,,,,,,,,,,,,,,,,,,,,,,,,,,,,,,,,,,,,,,,,,,,,,,,,,,,,,,,,,,,,,,,,,,,,,,,,,,,,,,,,,,,,,,,,,,
ja muut.,,,,,,,,,,,,,,,,,,,,,,,,,,,,,,,,,,,,,,,,,,,,,,,,,,,,,,,,,,,,,,,,,,,,,,,,,,,,,,,,,,,,,,,,,,,,,,,,,,,,,,,,,,,,,,,,,,,,,,,,,,,,,,,,,,,,,,,,,,,
"Päivittäistavarakauppa sisältää elintarvikkeiden, juomien",,,,,,,,,,,,,,,,,,,,,,,,,,,,,,,,,,,,,,,,,,,,,,,,,,,,,,,,,,,,,,,,,,,,,,,,,,,,,,,,,,,,,,,,,,,,,,,,,,,,,,,,,,,,,,,,,,,,,,,,,,,,,,,,,,,,,,,,,,,
ja tupakan erikoismyymälät sekä laajan tavaravalikoiman,,,,,,,,,,,,,,,,,,,,,,,,,,,,,,,,,,,,,,,,,,,,,,,,,,,,,,,,,,,,,,,,,,,,,,,,,,,,,,,,,,,,,,,,,,,,,,,,,,,,,,,,,,,,,,,,,,,,,,,,,,,,,,,,,,,,,,,,,,,
"vähittäiskaupat, jossa elintarvikkeiden, juomien ja tupakan",,,,,,,,,,,,,,,,,,,,,,,,,,,,,,,,,,,,,,,,,,,,,,,,,,,,,,,,,,,,,,,,,,,,,,,,,,,,,,,,,,,,,,,,,,,,,,,,,,,,,,,,,,,,,,,,,,,,,,,,,,,,,,,,,,,,,,,,,,,
osuus kokonaismyynnistä on vähintään puolet. Toimialaluokituksen,,,,,,,,,,,,,,,,,,,,,,,,,,,,,,,,,,,,,,,,,,,,,,,,,,,,,,,,,,,,,,,,,,,,,,,,,,,,,,,,,,,,,,,,,,,,,,,,,,,,,,,,,,,,,,,,,,,,,,,,,,,,,,,,,,,,,,,,,,,
(TOL 2008) toimialat 4711 ja 472.,,,,,,,,,,,,,,,,,,,,,,,,,,,,,,,,,,,,,,,,,,,,,,,,,,,,,,,,,,,,,,,,,,,,,,,,,,,,,,,,,,,,,,,,,,,,,,,,,,,,,,,,,,,,,,,,,,,,,,,,,,,,,,,,,,,,,,,,,,,
"Muut vähittäiskaupat: Toimialaluokituksen (TOL 2008) toimialat 4719, 473-479.",,,,,,,,,,,,,,,,,,,,,,,,,,,,,,,,,,,,,,,,,,,,,,,,,,,,,,,,,,,,,,,,,,,,,,,,,,,,,,,,,,,,,,,,,,,,,,,,,,,,,,,,,,,,,,,,,,,,,,,,,,,,,,,,,,,,,,,,,,,
Ravintolat: Toimialaluokituksen (TOL 2008) toimiala 561. ,,,,,,,,,,,,,,,,,,,,,,,,,,,,,,,,,,,,,,,,,,,,,,,,,,,,,,,,,,,,,,,,,,,,,,,,,,,,,,,,,,,,,,,,,,,,,,,,,,,,,,,,,,,,,,,,,,,,,,,,,,,,,,,,,,,,,,,,,,,
Kahvilat ja baarit: Toimialaluokituksen (TOL 2008) toimiala 563.,,,,,,,,,,,,,,,,,,,,,,,,,,,,,,,,,,,,,,,,,,,,,,,,,,,,,,,,,,,,,,,,,,,,,,,,,,,,,,,,,,,,,,,,,,,,,,,,,,,,,,,,,,,,,,,,,,,,,,,,,,,,,,,,,,,,,,,,,,,
Apteekit: Toimialaluokituksen (TOL 2008) toimiala 4773.,,,,,,,,,,,,,,,,,,,,,,,,,,,,,,,,,,,,,,,,,,,,,,,,,,,,,,,,,,,,,,,,,,,,,,,,,,,,,,,,,,,,,,,,,,,,,,,,,,,,,,,,,,,,,,,,,,,,,,,,,,,,,,,,,,,,,,,,,,,
"Kauppojen, kahviloiden ja ravintoloiden tiedot perustuvat yritysrekisteriin, jossa joidenkin yritysten osoitteeksi on ilmoitettu palvelupisteen sijaan yrityksen hallinnollinen osoite. Tästä syystä palvelupisteiden lukumäärän aikasarjavertailu tuottaa suuntaa-antavan tiedon alueen toimipaikkojen määrällisestä kehityksestä. ",,,,,,,,,,,,,,,,,,,,,,,,,,,,,,,,,,,,,,,,,,,,,,,,,,,,,,,,,,,,,,,,,,,,,,,,,,,,,,,,,,,,,,,,,,,,,,,,,,,,,,,,,,,,,,,,,,,,,,,,,,,,,,,,,,,,,,,,,,,
"Lähde: Valtakunnallinen liikuntapaikkojen tietojärjestelmä (LIPAS), Helsingin seurakuntayhtymä",,,,,,,,,,,,,,,,,,,,,,,,,,,,,,,,,,,,,,,,,,,,,,,,,,,,,,,,,,,,,,,,,,,,,,,,,,,,,,,,,,,,,,,,,,,,,,,,,,,,,,,,,,,,,,,,,,,,,,,,,,,,,,,,,,,,,,,,,,,
"ja Tilastokeskus, toimipaikkarekisteri.",,,,,,,,,,,,,,,,,,,,,,,,,,,,,,,,,,,,,,,,,,,,,,,,,,,,,,,,,,,,,,,,,,,,,,,,,,,,,,,,,,,,,,,,,,,,,,,,,,,,,,,,,,,,,,,,,,,,,,,,,,,,,,,,,,,,,,,,,,,
,,,,,,,,,,,,,,,,,,,,,,,,,,,,,,,,,,,,,,,,,,,,,,,,,,,,,,,,,,,,,,,,,,,,,,,,,,,,,,,,,,,,,,,,,,,,,,,,,,,,,,,,,,,,,,,,,,,,,,,,,,,,,,,,,,,,,,,,,,,
PERHEET JA ASUNTOKUNNAT 31.12.2018,,,,,,,,,,,,,,,,,,,,,,,,,,,,,,,,,,,,,,,,,,,,,,,,,,,,,,,,,,,,,,,,,,,,,,,,,,,,,,,,,,,,,,,,,,,,,,,,,,,,,,,,,,,,,,,,,,,,,,,,,,,,,,,,,,,,,,,,,,,
Perheen muodostavat:,,,,,,,,,,,,,,,,,,,,,,,,,,,,,,,,,,,,,,,,,,,,,,,,,,,,,,,,,,,,,,,,,,,,,,,,,,,,,,,,,,,,,,,,,,,,,,,,,,,,,,,,,,,,,,,,,,,,,,,,,,,,,,,,,,,,,,,,,,,
- avio- tai avoliitossa olevat vanhemmat ja heidän naimaton,,,,,,,,,,,,,,,,,,,,,,,,,,,,,,,,,,,,,,,,,,,,,,,,,,,,,,,,,,,,,,,,,,,,,,,,,,,,,,,,,,,,,,,,,,,,,,,,,,,,,,,,,,,,,,,,,,,,,,,,,,,,,,,,,,,,,,,,,,,
tai naimattomat lapsensa tai jompi kumpi vanhemmista,,,,,,,,,,,,,,,,,,,,,,,,,,,,,,,,,,,,,,,,,,,,,,,,,,,,,,,,,,,,,,,,,,,,,,,,,,,,,,,,,,,,,,,,,,,,,,,,,,,,,,,,,,,,,,,,,,,,,,,,,,,,,,,,,,,,,,,,,,,
naimattomine lapsineen,,,,,,,,,,,,,,,,,,,,,,,,,,,,,,,,,,,,,,,,,,,,,,,,,,,,,,,,,,,,,,,,,,,,,,,,,,,,,,,,,,,,,,,,,,,,,,,,,,,,,,,,,,,,,,,,,,,,,,,,,,,,,,,,,,,,,,,,,,,
"- avio- tai avopari, jonka luona ei asu vakituisesti lapsia.",,,,,,,,,,,,,,,,,,,,,,,,,,,,,,,,,,,,,,,,,,,,,,,,,,,,,,,,,,,,,,,,,,,,,,,,,,,,,,,,,,,,,,,,,,,,,,,,,,,,,,,,,,,,,,,,,,,,,,,,,,,,,,,,,,,,,,,,,,,
Perhe koostuu vain yhdessä asuvista henkilöistä. Yksin,,,,,,,,,,,,,,,,,,,,,,,,,,,,,,,,,,,,,,,,,,,,,,,,,,,,,,,,,,,,,,,,,,,,,,,,,,,,,,,,,,,,,,,,,,,,,,,,,,,,,,,,,,,,,,,,,,,,,,,,,,,,,,,,,,,,,,,,,,,
asuvat eivät kuulu perheväestöön.,,,,,,,,,,,,,,,,,,,,,,,,,,,,,,,,,,,,,,,,,,,,,,,,,,,,,,,,,,,,,,,,,,,,,,,,,,,,,,,,,,,,,,,,,,,,,,,,,,,,,,,,,,,,,,,,,,,,,,,,,,,,,,,,,,,,,,,,,,,
,,,,,,,,,,,,,,,,,,,,,,,,,,,,,,,,,,,,,,,,,,,,,,,,,,,,,,,,,,,,,,,,,,,,,,,,,,,,,,,,,,,,,,,,,,,,,,,,,,,,,,,,,,,,,,,,,,,,,,,,,,,,,,,,,,,,,,,,,,,
Asuntokunnan muodostavat kaikki samassa asuinhuoneistossa,,,,,,,,,,,,,,,,,,,,,,,,,,,,,,,,,,,,,,,,,,,,,,,,,,,,,,,,,,,,,,,,,,,,,,,,,,,,,,,,,,,,,,,,,,,,,,,,,,,,,,,,,,,,,,,,,,,,,,,,,,,,,,,,,,,,,,,,,,,
vakinaisesti asuvat henkilöt.,,,,,,,,,,,,,,,,,,,,,,,,,,,,,,,,,,,,,,,,,,,,,,,,,,,,,,,,,,,,,,,,,,,,,,,,,,,,,,,,,,,,,,,,,,,,,,,,,,,,,,,,,,,,,,,,,,,,,,,,,,,,,,,,,,,,,,,,,,,
Lähde: Tilastokeskus.,,,,,,,,,,,,,,,,,,,,,,,,,,,,,,,,,,,,,,,,,,,,,,,,,,,,,,,,,,,,,,,,,,,,,,,,,,,,,,,,,,,,,,,,,,,,,,,,,,,,,,,,,,,,,,,,,,,,,,,,,,,,,,,,,,,,,,,,,,,
,,,,,,,,,,,,,,,,,,,,,,,,,,,,,,,,,,,,,,,,,,,,,,,,,,,,,,,,,,,,,,,,,,,,,,,,,,,,,,,,,,,,,,,,,,,,,,,,,,,,,,,,,,,,,,,,,,,,,,,,,,,,,,,,,,,,,,,,,,,
RAKENNUSKANTA 2018,,,,,,,,,,,,,,,,,,,,,,,,,,,,,,,,,,,,,,,,,,,,,,,,,,,,,,,,,,,,,,,,,,,,,,,,,,,,,,,,,,,,,,,,,,,,,,,,,,,,,,,,,,,,,,,,,,,,,,,,,,,,,,,,,,,,,,,,,,,
Rakennusten kerrosalat käyttötarkoituksen mukaan.,,,,,,,,,,,,,,,,,,,,,,,,,,,,,,,,,,,,,,,,,,,,,,,,,,,,,,,,,,,,,,,,,,,,,,,,,,,,,,,,,,,,,,,,,,,,,,,,,,,,,,,,,,,,,,,,,,,,,,,,,,,,,,,,,,,,,,,,,,,
"Pientalo: erilliset pientalot, rivi- ja ketjutalot",,,,,,,,,,,,,,,,,,,,,,,,,,,,,,,,,,,,,,,,,,,,,,,,,,,,,,,,,,,,,,,,,,,,,,,,,,,,,,,,,,,,,,,,,,,,,,,,,,,,,,,,,,,,,,,,,,,,,,,,,,,,,,,,,,,,,,,,,,,
Kerrostalo: alle ja yli 4 kerrokselliset kerrostalot,,,,,,,,,,,,,,,,,,,,,,,,,,,,,,,,,,,,,,,,,,,,,,,,,,,,,,,,,,,,,,,,,,,,,,,,,,,,,,,,,,,,,,,,,,,,,,,,,,,,,,,,,,,,,,,,,,,,,,,,,,,,,,,,,,,,,,,,,,,
Liike: liike- ja toimistorakennukset,,,,,,,,,,,,,,,,,,,,,,,,,,,,,,,,,,,,,,,,,,,,,,,,,,,,,,,,,,,,,,,,,,,,,,,,,,,,,,,,,,,,,,,,,,,,,,,,,,,,,,,,,,,,,,,,,,,,,,,,,,,,,,,,,,,,,,,,,,,
"Julkinen: hoitoalan, kokoontumis- ja opetusrakennukset",,,,,,,,,,,,,,,,,,,,,,,,,,,,,,,,,,,,,,,,,,,,,,,,,,,,,,,,,,,,,,,,,,,,,,,,,,,,,,,,,,,,,,,,,,,,,,,,,,,,,,,,,,,,,,,,,,,,,,,,,,,,,,,,,,,,,,,,,,,
"Teollisuus: liikenteen, teollisuus- ja varastorakennukset",,,,,,,,,,,,,,,,,,,,,,,,,,,,,,,,,,,,,,,,,,,,,,,,,,,,,,,,,,,,,,,,,,,,,,,,,,,,,,,,,,,,,,,,,,,,,,,,,,,,,,,,,,,,,,,,,,,,,,,,,,,,,,,,,,,,,,,,,,,
Lähde: Tilastokeskus.,,,,,,,,,,,,,,,,,,,,,,,,,,,,,,,,,,,,,,,,,,,,,,,,,,,,,,,,,,,,,,,,,,,,,,,,,,,,,,,,,,,,,,,,,,,,,,,,,,,,,,,,,,,,,,,,,,,,,,,,,,,,,,,,,,,,,,,,,,,
,,,,,,,,,,,,,,,,,,,,,,,,,,,,,,,,,,,,,,,,,,,,,,,,,,,,,,,,,,,,,,,,,,,,,,,,,,,,,,,,,,,,,,,,,,,,,,,,,,,,,,,,,,,,,,,,,,,,,,,,,,,,,,,,,,,,,,,,,,,
SOSIAALIPALVELUT 2018,,,,,,,,,,,,,,,,,,,,,,,,,,,,,,,,,,,,,,,,,,,,,,,,,,,,,,,,,,,,,,,,,,,,,,,,,,,,,,,,,,,,,,,,,,,,,,,,,,,,,,,,,,,,,,,,,,,,,,,,,,,,,,,,,,,,,,,,,,,
Perustoimeentulotuki: Perustoimeentulotuen saajat (päähenkilöt ja osalliset). Perustoimeentulotuen myöntäminen ja maksaminen siirtyi kunnilta Kelan tehtäväksi vuonna 2017. ,,,,,,,,,,,,,,,,,,,,,,,,,,,,,,,,,,,,,,,,,,,,,,,,,,,,,,,,,,,,,,,,,,,,,,,,,,,,,,,,,,,,,,,,,,,,,,,,,,,,,,,,,,,,,,,,,,,,,,,,,,,,,,,,,,,,,,,,,,,
Lastensuojelun asiakkaat: 1.4.2016 voimaan astunut lakimuutos muutti lastensuojelun asiakkuuden määritelmää.,,,,,,,,,,,,,,,,,,,,,,,,,,,,,,,,,,,,,,,,,,,,,,,,,,,,,,,,,,,,,,,,,,,,,,,,,,,,,,,,,,,,,,,,,,,,,,,,,,,,,,,,,,,,,,,,,,,,,,,,,,,,,,,,,,,,,,,,,,,
Lähde: Helsingin kaupungin  sosiaali- ja terveystoimiala.,,,,,,,,,,,,,,,,,,,,,,,,,,,,,,,,,,,,,,,,,,,,,,,,,,,,,,,,,,,,,,,,,,,,,,,,,,,,,,,,,,,,,,,,,,,,,,,,,,,,,,,,,,,,,,,,,,,,,,,,,,,,,,,,,,,,,,,,,,,
,,,,,,,,,,,,,,,,,,,,,,,,,,,,,,,,,,,,,,,,,,,,,,,,,,,,,,,,,,,,,,,,,,,,,,,,,,,,,,,,,,,,,,,,,,,,,,,,,,,,,,,,,,,,,,,,,,,,,,,,,,,,,,,,,,,,,,,,,,,
TERVEYSPALVELUT 2018,,,,,,,,,,,,,,,,,,,,,,,,,,,,,,,,,,,,,,,,,,,,,,,,,,,,,,,,,,,,,,,,,,,,,,,,,,,,,,,,,,,,,,,,,,,,,,,,,,,,,,,,,,,,,,,,,,,,,,,,,,,,,,,,,,,,,,,,,,,
"Avohoitokäynnit: Perusterveydenhuolto (lääkärinvastaanotto,",,,,,,,,,,,,,,,,,,,,,,,,,,,,,,,,,,,,,,,,,,,,,,,,,,,,,,,,,,,,,,,,,,,,,,,,,,,,,,,,,,,,,,,,,,,,,,,,,,,,,,,,,,,,,,,,,,,,,,,,,,,,,,,,,,,,,,,,,,,
"terveyskeskuspäivystys, kotisairaanhoito, hammashuolto",,,,,,,,,,,,,,,,,,,,,,,,,,,,,,,,,,,,,,,,,,,,,,,,,,,,,,,,,,,,,,,,,,,,,,,,,,,,,,,,,,,,,,,,,,,,,,,,,,,,,,,,,,,,,,,,,,,,,,,,,,,,,,,,,,,,,,,,,,,
ja muu perusterveydenhuolto) ja erikoissairaanhoito,,,,,,,,,,,,,,,,,,,,,,,,,,,,,,,,,,,,,,,,,,,,,,,,,,,,,,,,,,,,,,,,,,,,,,,,,,,,,,,,,,,,,,,,,,,,,,,,,,,,,,,,,,,,,,,,,,,,,,,,,,,,,,,,,,,,,,,,,,,
(somaattinen ja psykiatrinen erikoissairaanhoito).,,,,,,,,,,,,,,,,,,,,,,,,,,,,,,,,,,,,,,,,,,,,,,,,,,,,,,,,,,,,,,,,,,,,,,,,,,,,,,,,,,,,,,,,,,,,,,,,,,,,,,,,,,,,,,,,,,,,,,,,,,,,,,,,,,,,,,,,,,,
Lähde: Helsingin kaupungin  sosiaali- ja terveystoimiala.,,,,,,,,,,,,,,,,,,,,,,,,,,,,,,,,,,,,,,,,,,,,,,,,,,,,,,,,,,,,,,,,,,,,,,,,,,,,,,,,,,,,,,,,,,,,,,,,,,,,,,,,,,,,,,,,,,,,,,,,,,,,,,,,,,,,,,,,,,,
,,,,,,,,,,,,,,,,,,,,,,,,,,,,,,,,,,,,,,,,,,,,,,,,,,,,,,,,,,,,,,,,,,,,,,,,,,,,,,,,,,,,,,,,,,,,,,,,,,,,,,,,,,,,,,,,,,,,,,,,,,,,,,,,,,,,,,,,,,,
TOIMITILARAKENNUKSET 31.12.2018,,,,,,,,,,,,,,,,,,,,,,,,,,,,,,,,,,,,,,,,,,,,,,,,,,,,,,,,,,,,,,,,,,,,,,,,,,,,,,,,,,,,,,,,,,,,,,,,,,,,,,,,,,,,,,,,,,,,,,,,,,,,,,,,,,,,,,,,,,,
Toimitilarakennuksilla tarkoitetaan muita kuin asuinrakennuksia.,,,,,,,,,,,,,,,,,,,,,,,,,,,,,,,,,,,,,,,,,,,,,,,,,,,,,,,,,,,,,,,,,,,,,,,,,,,,,,,,,,,,,,,,,,,,,,,,,,,,,,,,,,,,,,,,,,,,,,,,,,,,,,,,,,,,,,,,,,,
Toimistot sisältyvät liikerakennuksiin.,,,,,,,,,,,,,,,,,,,,,,,,,,,,,,,,,,,,,,,,,,,,,,,,,,,,,,,,,,,,,,,,,,,,,,,,,,,,,,,,,,,,,,,,,,,,,,,,,,,,,,,,,,,,,,,,,,,,,,,,,,,,,,,,,,,,,,,,,,,
Lähde: Tilastokeskus.,,,,,,,,,,,,,,,,,,,,,,,,,,,,,,,,,,,,,,,,,,,,,,,,,,,,,,,,,,,,,,,,,,,,,,,,,,,,,,,,,,,,,,,,,,,,,,,,,,,,,,,,,,,,,,,,,,,,,,,,,,,,,,,,,,,,,,,,,,,
,,,,,,,,,,,,,,,,,,,,,,,,,,,,,,,,,,,,,,,,,,,,,,,,,,,,,,,,,,,,,,,,,,,,,,,,,,,,,,,,,,,,,,,,,,,,,,,,,,,,,,,,,,,,,,,,,,,,,,,,,,,,,,,,,,,,,,,,,,,
TULOTASO 2017,,,,,,,,,,,,,,,,,,,,,,,,,,,,,,,,,,,,,,,,,,,,,,,,,,,,,,,,,,,,,,,,,,,,,,,,,,,,,,,,,,,,,,,,,,,,,,,,,,,,,,,,,,,,,,,,,,,,,,,,,,,,,,,,,,,,,,,,,,,
Tuloilla tarkoitetaan valtionveronalaisia tuloja.,,,,,,,,,,,,,,,,,,,,,,,,,,,,,,,,,,,,,,,,,,,,,,,,,,,,,,,,,,,,,,,,,,,,,,,,,,,,,,,,,,,,,,,,,,,,,,,,,,,,,,,,,,,,,,,,,,,,,,,,,,,,,,,,,,,,,,,,,,,
"Pienituloisia ovat asuntokunnat, joiden käytettävissä oleva rahatulo kulutusyksikköä kohden jää pienemmäksi kuin 60 % koko maan kaikkien kotitalouksien mediaanitulosta.",,,,,,,,,,,,,,,,,,,,,,,,,,,,,,,,,,,,,,,,,,,,,,,,,,,,,,,,,,,,,,,,,,,,,,,,,,,,,,,,,,,,,,,,,,,,,,,,,,,,,,,,,,,,,,,,,,,,,,,,,,,,,,,,,,,,,,,,,,,
Lähde: Tilastokeskus.,,,,,,,,,,,,,,,,,,,,,,,,,,,,,,,,,,,,,,,,,,,,,,,,,,,,,,,,,,,,,,,,,,,,,,,,,,,,,,,,,,,,,,,,,,,,,,,,,,,,,,,,,,,,,,,,,,,,,,,,,,,,,,,,,,,,,,,,,,,
,,,,,,,,,,,,,,,,,,,,,,,,,,,,,,,,,,,,,,,,,,,,,,,,,,,,,,,,,,,,,,,,,,,,,,,,,,,,,,,,,,,,,,,,,,,,,,,,,,,,,,,,,,,,,,,,,,,,,,,,,,,,,,,,,,,,,,,,,,,
TYÖPAIKAT 31.12.2017,,,,,,,,,,,,,,,,,,,,,,,,,,,,,,,,,,,,,,,,,,,,,,,,,,,,,,,,,,,,,,,,,,,,,,,,,,,,,,,,,,,,,,,,,,,,,,,,,,,,,,,,,,,,,,,,,,,,,,,,,,,,,,,,,,,,,,,,,,,
Työpaikat on ryhmitelty toimialarakenteen (Toimialaluokitus,,,,,,,,,,,,,,,,,,,,,,,,,,,,,,,,,,,,,,,,,,,,,,,,,,,,,,,,,,,,,,,,,,,,,,,,,,,,,,,,,,,,,,,,,,,,,,,,,,,,,,,,,,,,,,,,,,,,,,,,,,,,,,,,,,,,,,,,,,,
TOL 2008) mukaan viiteen luokkaan.,,,,,,,,,,,,,,,,,,,,,,,,,,,,,,,,,,,,,,,,,,,,,,,,,,,,,,,,,,,,,,,,,,,,,,,,,,,,,,,,,,,,,,,,,,,,,,,,,,,,,,,,,,,,,,,,,,,,,,,,,,,,,,,,,,,,,,,,,,,
"Tuotanto sisältää toimialat B–F (kaivostoiminta, teollisuus,",,,,,,,,,,,,,,,,,,,,,,,,,,,,,,,,,,,,,,,,,,,,,,,,,,,,,,,,,,,,,,,,,,,,,,,,,,,,,,,,,,,,,,,,,,,,,,,,,,,,,,,,,,,,,,,,,,,,,,,,,,,,,,,,,,,,,,,,,,,
energia- ja vesihuolto sekä rakentaminen).,,,,,,,,,,,,,,,,,,,,,,,,,,,,,,,,,,,,,,,,,,,,,,,,,,,,,,,,,,,,,,,,,,,,,,,,,,,,,,,,,,,,,,,,,,,,,,,,,,,,,,,,,,,,,,,,,,,,,,,,,,,,,,,,,,,,,,,,,,,
Kauppa sisältää toimialat G ja I (kauppa sekä majoitus- ja,,,,,,,,,,,,,,,,,,,,,,,,,,,,,,,,,,,,,,,,,,,,,,,,,,,,,,,,,,,,,,,,,,,,,,,,,,,,,,,,,,,,,,,,,,,,,,,,,,,,,,,,,,,,,,,,,,,,,,,,,,,,,,,,,,,,,,,,,,,
ravitsemistoiminta).,,,,,,,,,,,,,,,,,,,,,,,,,,,,,,,,,,,,,,,,,,,,,,,,,,,,,,,,,,,,,,,,,,,,,,,,,,,,,,,,,,,,,,,,,,,,,,,,,,,,,,,,,,,,,,,,,,,,,,,,,,,,,,,,,,,,,,,,,,,
Liikenne sisältää toimialan H (kuljetus ja varastointi),,,,,,,,,,,,,,,,,,,,,,,,,,,,,,,,,,,,,,,,,,,,,,,,,,,,,,,,,,,,,,,,,,,,,,,,,,,,,,,,,,,,,,,,,,,,,,,,,,,,,,,,,,,,,,,,,,,,,,,,,,,,,,,,,,,,,,,,,,,
Yrityspalvelut sisältää toimialat J–N (informaatio ja,,,,,,,,,,,,,,,,,,,,,,,,,,,,,,,,,,,,,,,,,,,,,,,,,,,,,,,,,,,,,,,,,,,,,,,,,,,,,,,,,,,,,,,,,,,,,,,,,,,,,,,,,,,,,,,,,,,,,,,,,,,,,,,,,,,,,,,,,,,
"viestintä, rahoitus- ja vakuutustoiminta, kiinteistöala sekä",,,,,,,,,,,,,,,,,,,,,,,,,,,,,,,,,,,,,,,,,,,,,,,,,,,,,,,,,,,,,,,,,,,,,,,,,,,,,,,,,,,,,,,,,,,,,,,,,,,,,,,,,,,,,,,,,,,,,,,,,,,,,,,,,,,,,,,,,,,
"ammatillinen, tieteellinen ja tekninen toiminta ja hallinto- ja",,,,,,,,,,,,,,,,,,,,,,,,,,,,,,,,,,,,,,,,,,,,,,,,,,,,,,,,,,,,,,,,,,,,,,,,,,,,,,,,,,,,,,,,,,,,,,,,,,,,,,,,,,,,,,,,,,,,,,,,,,,,,,,,,,,,,,,,,,,
tukipalvelutoiminta).,,,,,,,,,,,,,,,,,,,,,,,,,,,,,,,,,,,,,,,,,,,,,,,,,,,,,,,,,,,,,,,,,,,,,,,,,,,,,,,,,,,,,,,,,,,,,,,,,,,,,,,,,,,,,,,,,,,,,,,,,,,,,,,,,,,,,,,,,,,
Yhteiskunnalliset palvelut sisältää toimialat O–U (julkinen,,,,,,,,,,,,,,,,,,,,,,,,,,,,,,,,,,,,,,,,,,,,,,,,,,,,,,,,,,,,,,,,,,,,,,,,,,,,,,,,,,,,,,,,,,,,,,,,,,,,,,,,,,,,,,,,,,,,,,,,,,,,,,,,,,,,,,,,,,,
"hallinto ja maanpuolustus; pakollinen sosiaalivakuutus,",,,,,,,,,,,,,,,,,,,,,,,,,,,,,,,,,,,,,,,,,,,,,,,,,,,,,,,,,,,,,,,,,,,,,,,,,,,,,,,,,,,,,,,,,,,,,,,,,,,,,,,,,,,,,,,,,,,,,,,,,,,,,,,,,,,,,,,,,,,
"koulutus, terveys- ja sosiaalipalvelut, taiteet, viihde ja virkistys,",,,,,,,,,,,,,,,,,,,,,,,,,,,,,,,,,,,,,,,,,,,,,,,,,,,,,,,,,,,,,,,,,,,,,,,,,,,,,,,,,,,,,,,,,,,,,,,,,,,,,,,,,,,,,,,,,,,,,,,,,,,,,,,,,,,,,,,,,,,
"muu palvelutoiminta, kotitaloudet työnantajina sekä",,,,,,,,,,,,,,,,,,,,,,,,,,,,,,,,,,,,,,,,,,,,,,,,,,,,,,,,,,,,,,,,,,,,,,,,,,,,,,,,,,,,,,,,,,,,,,,,,,,,,,,,,,,,,,,,,,,,,,,,,,,,,,,,,,,,,,,,,,,
kansainvälisten organisaatioiden toiminta).,,,,,,,,,,,,,,,,,,,,,,,,,,,,,,,,,,,,,,,,,,,,,,,,,,,,,,,,,,,,,,,,,,,,,,,,,,,,,,,,,,,,,,,,,,,,,,,,,,,,,,,,,,,,,,,,,,,,,,,,,,,,,,,,,,,,,,,,,,,
Työpaikat yhteensä sisältää edelliset työpaikkaluokat,,,,,,,,,,,,,,,,,,,,,,,,,,,,,,,,,,,,,,,,,,,,,,,,,,,,,,,,,,,,,,,,,,,,,,,,,,,,,,,,,,,,,,,,,,,,,,,,,,,,,,,,,,,,,,,,,,,,,,,,,,,,,,,,,,,,,,,,,,,
"lisättynä toimialalla A (maa-, metsä ja kalatalous) + X",,,,,,,,,,,,,,,,,,,,,,,,,,,,,,,,,,,,,,,,,,,,,,,,,,,,,,,,,,,,,,,,,,,,,,,,,,,,,,,,,,,,,,,,,,,,,,,,,,,,,,,,,,,,,,,,,,,,,,,,,,,,,,,,,,,,,,,,,,,
(tuntematon).,,,,,,,,,,,,,,,,,,,,,,,,,,,,,,,,,,,,,,,,,,,,,,,,,,,,,,,,,,,,,,,,,,,,,,,,,,,,,,,,,,,,,,,,,,,,,,,,,,,,,,,,,,,,,,,,,,,,,,,,,,,,,,,,,,,,,,,,,,,
Lähde: Tilastokeskus.,,,,,,,,,,,,,,,,,,,,,,,,,,,,,,,,,,,,,,,,,,,,,,,,,,,,,,,,,,,,,,,,,,,,,,,,,,,,,,,,,,,,,,,,,,,,,,,,,,,,,,,,,,,,,,,,,,,,,,,,,,,,,,,,,,,,,,,,,,,
,,,,,,,,,,,,,,,,,,,,,,,,,,,,,,,,,,,,,,,,,,,,,,,,,,,,,,,,,,,,,,,,,,,,,,,,,,,,,,,,,,,,,,,,,,,,,,,,,,,,,,,,,,,,,,,,,,,,,,,,,,,,,,,,,,,,,,,,,,,
TYÖVOIMA 2018,,,,,,,,,,,,,,,,,,,,,,,,,,,,,,,,,,,,,,,,,,,,,,,,,,,,,,,,,,,,,,,,,,,,,,,,,,,,,,,,,,,,,,,,,,,,,,,,,,,,,,,,,,,,,,,,,,,,,,,,,,,,,,,,,,,,,,,,,,,
"Työvoimaan luetaan kaikki 15–74-vuotiaat henkilöt, jotka",,,,,,,,,,,,,,,,,,,,,,,,,,,,,,,,,,,,,,,,,,,,,,,,,,,,,,,,,,,,,,,,,,,,,,,,,,,,,,,,,,,,,,,,,,,,,,,,,,,,,,,,,,,,,,,,,,,,,,,,,,,,,,,,,,,,,,,,,,,
laskentaviikolla olivat työllisiä tai työttömiä.,,,,,,,,,,,,,,,,,,,,,,,,,,,,,,,,,,,,,,,,,,,,,,,,,,,,,,,,,,,,,,,,,,,,,,,,,,,,,,,,,,,,,,,,,,,,,,,,,,,,,,,,,,,,,,,,,,,,,,,,,,,,,,,,,,,,,,,,,,,
"Työlliseen työvoimaan luetaan kaikki 18–74-vuotiaat henkilöt,",,,,,,,,,,,,,,,,,,,,,,,,,,,,,,,,,,,,,,,,,,,,,,,,,,,,,,,,,,,,,,,,,,,,,,,,,,,,,,,,,,,,,,,,,,,,,,,,,,,,,,,,,,,,,,,,,,,,,,,,,,,,,,,,,,,,,,,,,,,
jotka laskentaviikolla olivat työllisiä.,,,,,,,,,,,,,,,,,,,,,,,,,,,,,,,,,,,,,,,,,,,,,,,,,,,,,,,,,,,,,,,,,,,,,,,,,,,,,,,,,,,,,,,,,,,,,,,,,,,,,,,,,,,,,,,,,,,,,,,,,,,,,,,,,,,,,,,,,,,
Työttömiin (työtön työvoima) luetaan vuoden 2016 joulukuussa,,,,,,,,,,,,,,,,,,,,,,,,,,,,,,,,,,,,,,,,,,,,,,,,,,,,,,,,,,,,,,,,,,,,,,,,,,,,,,,,,,,,,,,,,,,,,,,,,,,,,,,,,,,,,,,,,,,,,,,,,,,,,,,,,,,,,,,,,,,
työttömänä olleet henkilöt.,,,,,,,,,,,,,,,,,,,,,,,,,,,,,,,,,,,,,,,,,,,,,,,,,,,,,,,,,,,,,,,,,,,,,,,,,,,,,,,,,,,,,,,,,,,,,,,,,,,,,,,,,,,,,,,,,,,,,,,,,,,,,,,,,,,,,,,,,,,
Nuorisotyöttömyys: 15–24-vuotiaat.,,,,,,,,,,,,,,,,,,,,,,,,,,,,,,,,,,,,,,,,,,,,,,,,,,,,,,,,,,,,,,,,,,,,,,,,,,,,,,,,,,,,,,,,,,,,,,,,,,,,,,,,,,,,,,,,,,,,,,,,,,,,,,,,,,,,,,,,,,,
Pitkäaikaistyöttömyys: yli vuoden työttömänä yhteisjaksoisesti.,,,,,,,,,,,,,,,,,,,,,,,,,,,,,,,,,,,,,,,,,,,,,,,,,,,,,,,,,,,,,,,,,,,,,,,,,,,,,,,,,,,,,,,,,,,,,,,,,,,,,,,,,,,,,,,,,,,,,,,,,,,,,,,,,,,,,,,,,,,
Pitkäaikaistyöttömien osuus kaikista työttömistä.,,,,,,,,,,,,,,,,,,,,,,,,,,,,,,,,,,,,,,,,,,,,,,,,,,,,,,,,,,,,,,,,,,,,,,,,,,,,,,,,,,,,,,,,,,,,,,,,,,,,,,,,,,,,,,,,,,,,,,,,,,,,,,,,,,,,,,,,,,,
Työllisyysaste: Työllisten osuus 20–64-vuotiaasta väestöstä.,,,,,,,,,,,,,,,,,,,,,,,,,,,,,,,,,,,,,,,,,,,,,,,,,,,,,,,,,,,,,,,,,,,,,,,,,,,,,,,,,,,,,,,,,,,,,,,,,,,,,,,,,,,,,,,,,,,,,,,,,,,,,,,,,,,,,,,,,,,
"Lähde: Tilastokeskus, työssäkäyntitilasto ja työ- ja elinkeinoministeriö.",,,,,,,,,,,,,,,,,,,,,,,,,,,,,,,,,,,,,,,,,,,,,,,,,,,,,,,,,,,,,,,,,,,,,,,,,,,,,,,,,,,,,,,,,,,,,,,,,,,,,,,,,,,,,,,,,,,,,,,,,,,,,,,,,,,,,,,,,,,
,,,,,,,,,,,,,,,,,,,,,,,,,,,,,,,,,,,,,,,,,,,,,,,,,,,,,,,,,,,,,,,,,,,,,,,,,,,,,,,,,,,,,,,,,,,,,,,,,,,,,,,,,,,,,,,,,,,,,,,,,,,,,,,,,,,,,,,,,,,
ULKOILU 2020,,,,,,,,,,,,,,,,,,,,,,,,,,,,,,,,,,,,,,,,,,,,,,,,,,,,,,,,,,,,,,,,,,,,,,,,,,,,,,,,,,,,,,,,,,,,,,,,,,,,,,,,,,,,,,,,,,,,,,,,,,,,,,,,,,,,,,,,,,,
"Metsäpinta-ala: yleisten alueiden rekisteri, 16.1.2020,",,,,,,,,,,,,,,,,,,,,,,,,,,,,,,,,,,,,,,,,,,,,,,,,,,,,,,,,,,,,,,,,,,,,,,,,,,,,,,,,,,,,,,,,,,,,,,,,,,,,,,,,,,,,,,,,,,,,,,,,,,,,,,,,,,,,,,,,,,,
hoitoluokat C1–C5.,,,,,,,,,,,,,,,,,,,,,,,,,,,,,,,,,,,,,,,,,,,,,,,,,,,,,,,,,,,,,,,,,,,,,,,,,,,,,,,,,,,,,,,,,,,,,,,,,,,,,,,,,,,,,,,,,,,,,,,,,,,,,,,,,,,,,,,,,,,
"Puistopinta-ala: yleisten alueiden rekisteri, 16.1.2020,",,,,,,,,,,,,,,,,,,,,,,,,,,,,,,,,,,,,,,,,,,,,,,,,,,,,,,,,,,,,,,,,,,,,,,,,,,,,,,,,,,,,,,,,,,,,,,,,,,,,,,,,,,,,,,,,,,,,,,,,,,,,,,,,,,,,,,,,,,,
hoitoluokat A1–A3 ja B1–B5.,,,,,,,,,,,,,,,,,,,,,,,,,,,,,,,,,,,,,,,,,,,,,,,,,,,,,,,,,,,,,,,,,,,,,,,,,,,,,,,,,,,,,,,,,,,,,,,,,,,,,,,,,,,,,,,,,,,,,,,,,,,,,,,,,,,,,,,,,,,
Lähde: Helsingin kaupungin kaupunkiympäristön toimiala.,,,,,,,,,,,,,,,,,,,,,,,,,,,,,,,,,,,,,,,,,,,,,,,,,,,,,,,,,,,,,,,,,,,,,,,,,,,,,,,,,,,,,,,,,,,,,,,,,,,,,,,,,,,,,,,,,,,,,,,,,,,,,,,,,,,,,,,,,,,
Uimarannat: Kunnan terveydensuojeluviranomaisen laatima,,,,,,,,,,,,,,,,,,,,,,,,,,,,,,,,,,,,,,,,,,,,,,,,,,,,,,,,,,,,,,,,,,,,,,,,,,,,,,,,,,,,,,,,,,,,,,,,,,,,,,,,,,,,,,,,,,,,,,,,,,,,,,,,,,,,,,,,,,,
"uimarantaluettelo, suuret ja pienet yleiset uimarannat.",,,,,,,,,,,,,,,,,,,,,,,,,,,,,,,,,,,,,,,,,,,,,,,,,,,,,,,,,,,,,,,,,,,,,,,,,,,,,,,,,,,,,,,,,,,,,,,,,,,,,,,,,,,,,,,,,,,,,,,,,,,,,,,,,,,,,,,,,,,
Sosiaali- ja terveysministeriön asetus yleisten uimarantojen,,,,,,,,,,,,,,,,,,,,,,,,,,,,,,,,,,,,,,,,,,,,,,,,,,,,,,,,,,,,,,,,,,,,,,,,,,,,,,,,,,,,,,,,,,,,,,,,,,,,,,,,,,,,,,,,,,,,,,,,,,,,,,,,,,,,,,,,,,,
uimaveden laatuvaatimuksista ja valvonnasta (177/2008).,,,,,,,,,,,,,,,,,,,,,,,,,,,,,,,,,,,,,,,,,,,,,,,,,,,,,,,,,,,,,,,,,,,,,,,,,,,,,,,,,,,,,,,,,,,,,,,,,,,,,,,,,,,,,,,,,,,,,,,,,,,,,,,,,,,,,,,,,,,
Lähde: Helsingin kaupungin kaupunkiympäristön toimiala,,,,,,,,,,,,,,,,,,,,,,,,,,,,,,,,,,,,,,,,,,,,,,,,,,,,,,,,,,,,,,,,,,,,,,,,,,,,,,,,,,,,,,,,,,,,,,,,,,,,,,,,,,,,,,,,,,,,,,,,,,,,,,,,,,,,,,,,,,,
,,,,,,,,,,,,,,,,,,,,,,,,,,,,,,,,,,,,,,,,,,,,,,,,,,,,,,,,,,,,,,,,,,,,,,,,,,,,,,,,,,,,,,,,,,,,,,,,,,,,,,,,,,,,,,,,,,,,,,,,,,,,,,,,,,,,,,,,,,,
VÄESTÖ 31.12.1985–31.12.2033,,,,,,,,,,,,,,,,,,,,,,,,,,,,,,,,,,,,,,,,,,,,,,,,,,,,,,,,,,,,,,,,,,,,,,,,,,,,,,,,,,,,,,,,,,,,,,,,,,,,,,,,,,,,,,,,,,,,,,,,,,,,,,,,,,,,,,,,,,,
"31.12.1985–31.12.2018 Helsingin väestötilasto, 31.12.2019–31.12.2033 Helsingin",,,,,,,,,,,,,,,,,,,,,,,,,,,,,,,,,,,,,,,,,,,,,,,,,,,,,,,,,,,,,,,,,,,,,,,,,,,,,,,,,,,,,,,,,,,,,,,,,,,,,,,,,,,,,,,,,,,,,,,,,,,,,,,,,,,,,,,,,,,
väestöennuste,,,,,,,,,,,,,,,,,,,,,,,,,,,,,,,,,,,,,,,,,,,,,,,,,,,,,,,,,,,,,,,,,,,,,,,,,,,,,,,,,,,,,,,,,,,,,,,,,,,,,,,,,,,,,,,,,,,,,,,,,,,,,,,,,,,,,,,,,,,
"Lähde: Tilastokeskus ja Helsingin kaupungin kaupunginkanslia, kaupunkitutkimus ja -tilastot",,,,,,,,,,,,,,,,,,,,,,,,,,,,,,,,,,,,,,,,,,,,,,,,,,,,,,,,,,,,,,,,,,,,,,,,,,,,,,,,,,,,,,,,,,,,,,,,,,,,,,,,,,,,,,,,,,,,,,,,,,,,,,,,,,,,,,,,,,,
,,,,,,,,,,,,,,,,,,,,,,,,,,,,,,,,,,,,,,,,,,,,,,,,,,,,,,,,,,,,,,,,,,,,,,,,,,,,,,,,,,,,,,,,,,,,,,,,,,,,,,,,,,,,,,,,,,,,,,,,,,,,,,,,,,,,,,,,,,,
VÄESTÖENNUSTE 31.12.2033,,,,,,,,,,,,,,,,,,,,,,,,,,,,,,,,,,,,,,,,,,,,,,,,,,,,,,,,,,,,,,,,,,,,,,,,,,,,,,,,,,,,,,,,,,,,,,,,,,,,,,,,,,,,,,,,,,,,,,,,,,,,,,,,,,,,,,,,,,,
"Lapset päivähoidon ja peruskoulun ikäryhmityksellä, työikäinen",,,,,,,,,,,,,,,,,,,,,,,,,,,,,,,,,,,,,,,,,,,,,,,,,,,,,,,,,,,,,,,,,,,,,,,,,,,,,,,,,,,,,,,,,,,,,,,,,,,,,,,,,,,,,,,,,,,,,,,,,,,,,,,,,,,,,,,,,,,
väestö sekä vanhukset omina ryhminään.,,,,,,,,,,,,,,,,,,,,,,,,,,,,,,,,,,,,,,,,,,,,,,,,,,,,,,,,,,,,,,,,,,,,,,,,,,,,,,,,,,,,,,,,,,,,,,,,,,,,,,,,,,,,,,,,,,,,,,,,,,,,,,,,,,,,,,,,,,,
"Lähde: Helsingin kaupungin kaupunginkanslia, kaupunkitutkimus ja -tilastot",,,,,,,,,,,,,,,,,,,,,,,,,,,,,,,,,,,,,,,,,,,,,,,,,,,,,,,,,,,,,,,,,,,,,,,,,,,,,,,,,,,,,,,,,,,,,,,,,,,,,,,,,,,,,,,,,,,,,,,,,,,,,,,,,,,,,,,,,,,
,,,,,,,,,,,,,,,,,,,,,,,,,,,,,,,,,,,,,,,,,,,,,,,,,,,,,,,,,,,,,,,,,,,,,,,,,,,,,,,,,,,,,,,,,,,,,,,,,,,,,,,,,,,,,,,,,,,,,,,,,,,,,,,,,,,,,,,,,,,
VÄESTÖNMUUTOKSET 2018,,,,,,,,,,,,,,,,,,,,,,,,,,,,,,,,,,,,,,,,,,,,,,,,,,,,,,,,,,,,,,,,,,,,,,,,,,,,,,,,,,,,,,,,,,,,,,,,,,,,,,,,,,,,,,,,,,,,,,,,,,,,,,,,,,,,,,,,,,,
Helsingin muuttoliike kuvaa kaupungin rajat ylittäviä muuttoja. ,,,,,,,,,,,,,,,,,,,,,,,,,,,,,,,,,,,,,,,,,,,,,,,,,,,,,,,,,,,,,,,,,,,,,,,,,,,,,,,,,,,,,,,,,,,,,,,,,,,,,,,,,,,,,,,,,,,,,,,,,,,,,,,,,,,,,,,,,,,
Suur- ja peruspiirien muuttoliike kuvaa kaupungin sisäistä muuttoliikettä alueelta toiselle.,,,,,,,,,,,,,,,,,,,,,,,,,,,,,,,,,,,,,,,,,,,,,,,,,,,,,,,,,,,,,,,,,,,,,,,,,,,,,,,,,,,,,,,,,,,,,,,,,,,,,,,,,,,,,,,,,,,,,,,,,,,,,,,,,,,,,,,,,,,
Lähde: Tilastokeskus.,,,,,,,,,,,,,,,,,,,,,,,,,,,,,,,,,,,,,,,,,,,,,,,,,,,,,,,,,,,,,,,,,,,,,,,,,,,,,,,,,,,,,,,,,,,,,,,,,,,,,,,,,,,,,,,,,,,,,,,,,,,,,,,,,,,,,,,,,,,
,,,,,,,,,,,,,,,,,,,,,,,,,,,,,,,,,,,,,,,,,,,,,,,,,,,,,,,,,,,,,,,,,,,,,,,,,,,,,,,,,,,,,,,,,,,,,,,,,,,,,,,,,,,,,,,,,,,,,,,,,,,,,,,,,,,,,,,,,,,
ÄIDINKIELI JA KANSALAISUUS 31.12.2018,,,,,,,,,,,,,,,,,,,,,,,,,,,,,,,,,,,,,,,,,,,,,,,,,,,,,,,,,,,,,,,,,,,,,,,,,,,,,,,,,,,,,,,,,,,,,,,,,,,,,,,,,,,,,,,,,,,,,,,,,,,,,,,,,,,,,,,,,,,
"Vieraskieliset = muut kuin suomen-, ruotsin- ja saamenkieliset",,,,,,,,,,,,,,,,,,,,,,,,,,,,,,,,,,,,,,,,,,,,,,,,,,,,,,,,,,,,,,,,,,,,,,,,,,,,,,,,,,,,,,,,,,,,,,,,,,,,,,,,,,,,,,,,,,,,,,,,,,,,,,,,,,,,,,,,,,,
Alueen kolme yleisintä vierasta kieltä ja niiden osuus kaikista vieraskielisistä.,,,,,,,,,,,,,,,,,,,,,,,,,,,,,,,,,,,,,,,,,,,,,,,,,,,,,,,,,,,,,,,,,,,,,,,,,,,,,,,,,,,,,,,,,,,,,,,,,,,,,,,,,,,,,,,,,,,,,,,,,,,,,,,,,,,,,,,,,,,
Ulkomaalaistaustaiset = ulkomaan kansalaiset ja ulkomailla,,,,,,,,,,,,,,,,,,,,,,,,,,,,,,,,,,,,,,,,,,,,,,,,,,,,,,,,,,,,,,,,,,,,,,,,,,,,,,,,,,,,,,,,,,,,,,,,,,,,,,,,,,,,,,,,,,,,,,,,,,,,,,,,,,,,,,,,,,,
syntyneet Suomen kansalaiset,,,,,,,,,,,,,,,,,,,,,,,,,,,,,,,,,,,,,,,,,,,,,,,,,,,,,,,,,,,,,,,,,,,,,,,,,,,,,,,,,,,,,,,,,,,,,,,,,,,,,,,,,,,,,,,,,,,,,,,,,,,,,,,,,,,,,,,,,,,
Lähde: Tilastokeskus.,,,,,,,,,,,,,,,,,,,,,,,,,,,,,,,,,,,,,,,,,,,,,,,,,,,,,,,,,,,,,,,,,,,,,,,,,,,,,,,,,,,,,,,,,,,,,,,,,,,,,,,,,,,,,,,,,,,,,,,,,,,,,,,,,,,,,,,,,,,